words,urls
about,https://www.youtube.com/watch?v=HZDGM2erNJ4
above,https://www.youtube.com/watch?v=U47TWgSZ5u8
abstract,https://www.youtube.com/watch?v=4W2eUwKP9SQ
accident,https://www.youtube.com/watch?v=Jw9qIeda2uQ
account,https://www.youtube.com/watch?v=ZwPw3Z7ZMuo
account,https://www.youtube.com/watch?v=ruio3SOaDQM
accountant,https://www.youtube.com/watch?v=Pq6TvQwLtRo
accountant,https://www.youtube.com/watch?v=BGsJReQsDsQ
accurate,https://www.youtube.com/watch?v=qUjT5u-8LUE
acquit,https://www.youtube.com/watch?v=2Vnm-we0o5I
across,https://www.youtube.com/watch?v=FDHBfjmVov0
act,https://www.youtube.com/watch?v=hATAN3jn4MQ
actor,https://www.youtube.com/watch?v=YbFKkvqWH0s
actress,https://www.youtube.com/watch?v=hQtKsZP_TNw
add,https://www.youtube.com/watch?v=Fv9wEey5y-s
address,https://www.youtube.com/watch?v=rqyz753fZGU
adhere,https://www.youtube.com/watch?v=XNHQbWWvDz4
adverb,https://www.youtube.com/watch?v=UWM6lBn0a7A
advertisement,https://www.youtube.com/watch?v=udm1HN9wMLU
advertisement2,https://www.youtube.com/watch?v=vaor-Z77E94
advice,https://www.youtube.com/watch?v=HHqYf-UgocU
advise,https://www.youtube.com/watch?v=S-0rGqB-PP8
aeroplane,https://www.youtube.com/watch?v=gPczh2s95Q8
affect,https://www.youtube.com/watch?v=bkmJHNCPGzU
africa,https://www.youtube.com/watch?v=mwksPPU1mAU
after,https://www.youtube.com/watch?v=JoUfX0pfFio
after,https://www.youtube.com/watch?v=7uPCUtEUbaY
afternoon,https://www.youtube.com/watch?v=s_TCRoNF0Vw
again,https://www.youtube.com/watch?v=0tZOFvVtu0g
against,https://www.youtube.com/watch?v=6XB9XQ_xkE8
agra,https://www.youtube.com/watch?v=zN3KlKACBqk
ahmedabad,https://www.youtube.com/watch?v=zvcLJ2Ajv4Y
air,https://www.youtube.com/watch?v=oU_Qr0CpuDM
airmail,https://www.youtube.com/watch?v=rHjhTm5muyw
alcoholic,https://www.youtube.com/watch?v=Y6yRWGG4PTk
alive,https://www.youtube.com/watch?v=snq5Uq6WLhA
alive,https://www.youtube.com/watch?v=8hvXiuFseVA
allah,https://www.youtube.com/watch?v=ymnr0UAVuM4
allergy,https://www.youtube.com/watch?v=jKlRBrdamVo
allergy,https://www.youtube.com/watch?v=wChEwutMrGY
alphabetically,https://www.youtube.com/watch?v=8WceKi-aGPM
aluminium,https://www.youtube.com/watch?v=Ox0q26ES8NU
always,https://www.youtube.com/watch?v=Kc2uLplW4Rs
amazing,https://www.youtube.com/watch?v=CK58sQ6o_PI
amazon,https://www.youtube.com/watch?v=PNUk1Lz_2yA
ambition,https://www.youtube.com/watch?v=uSCUGp0QxjQ
ambulance,https://www.youtube.com/watch?v=668R66196Ho
ambulance,https://www.youtube.com/watch?v=gjt7WgeOWM0
amritsar,https://www.youtube.com/watch?v=9g7_S9i5j4k
angel,https://www.youtube.com/watch?v=Sire2jOYgiA
angle,https://www.youtube.com/watch?v=KIdQKrXUQf8
angry,https://www.youtube.com/watch?v=lk_UzBnj3h8
ant,https://www.youtube.com/watch?v=8vqaph5iA5w
antartica,https://www.youtube.com/watch?v=ZVbLxVvP-fg
apple,https://www.youtube.com/watch?v=AlkNyObGMc4
apply,https://www.youtube.com/watch?v=TU5-YFsFjCc
april,https://www.youtube.com/watch?v=XrHiQMaRByA
april,https://www.youtube.com/watch?v=OEczcO9_1s4
architect,https://www.youtube.com/watch?v=JCnN9UApaEI
architect,https://www.youtube.com/watch?v=oG1wFJuHQpI
architecture,https://www.youtube.com/watch?v=-VLqxZN1Wkw
area,https://www.youtube.com/watch?v=Plyt5Nq9zxk
arise,https://www.youtube.com/watch?v=IUilLb-xOhE
arise,https://www.youtube.com/watch?v=qMXyVjWtmuQ
arm,https://www.youtube.com/watch?v=DJF3wmlfJWk
around,https://www.youtube.com/watch?v=DPMjQPC2bs0
arrange,https://www.youtube.com/watch?v=FpCc905jF9U
arrest,https://www.youtube.com/watch?v=Y5aNzZFwZwU
arrest,https://www.youtube.com/watch?v=qkTazhSbBTo
art,https://www.youtube.com/watch?v=31LKRNa-Wrg
article,https://www.youtube.com/watch?v=M9xNAsLSazU
artist,https://www.youtube.com/watch?v=dwP_CL8qP4I
asap,https://www.youtube.com/watch?v=02CYDsK59is
ascending,https://www.youtube.com/watch?v=EMN5an3SP4g
asia,https://www.youtube.com/watch?v=hK7M2hVOchI
assam,https://www.youtube.com/watch?v=K5TbWJ65pD4
assemble,https://www.youtube.com/watch?v=6Qr9nNTZ2uA
assembly,https://www.youtube.com/watch?v=pZ8aDccjzrk
association,https://www.youtube.com/watch?v=WhxWct7Y-gg
assure,https://www.youtube.com/watch?v=R4QmFlO7ANw
at,https://www.youtube.com/watch?v=tO1J_cp_6YQ
attitude,https://www.youtube.com/watch?v=L5rvYMlF9Xg
attract,https://www.youtube.com/watch?v=uGALCgU9dng
attractive,https://www.youtube.com/watch?v=NZOPpIa7nuc
audiologist,https://www.youtube.com/watch?v=OuMygwN6dVk
audit,https://www.youtube.com/watch?v=6YhruQU7G9E
australia,https://www.youtube.com/watch?v=2X8sG1z4MbA
australia,https://www.youtube.com/watch?v=O19Etu8Xnhg
authenticate,https://www.youtube.com/watch?v=2dyCHtKjSYU
auto,https://www.youtube.com/watch?v=Up3o9znSl84
auto,https://www.youtube.com/watch?v=IRyXWngvuXQ
automatic,https://www.youtube.com/watch?v=bUZlqr2vYxk
available,https://www.youtube.com/watch?v=uxZ0pk7mzfQ
awesome,https://www.youtube.com/watch?v=1jlxa7_bzVc
axe,https://www.youtube.com/watch?v=T3ifNk7HXpw
baby,https://www.youtube.com/watch?v=AZdsziMQ9Rk
baby,https://www.youtube.com/watch?v=t7j8BXZFOwk
babyalternate,https://www.youtube.com/watch?v=-cPndgCnfiU
back,https://www.youtube.com/watch?v=9zrtCnYuECE
badminton,https://www.youtube.com/watch?v=97fUn3eU8ls
badminton,https://www.youtube.com/watch?v=8oudmUVmVcU
badoda,https://www.youtube.com/watch?v=S8icKTlr_HE
bail,https://www.youtube.com/watch?v=LNRDPGG5HeU
ball,https://www.youtube.com/watch?v=LKYUqYfAiw8
ball,https://www.youtube.com/watch?v=h0-aQuJUC5g
balloon,https://www.youtube.com/watch?v=ZWQcNLzYtJk
banana,https://www.youtube.com/watch?v=M_pvn41vPRk
banaras,https://www.youtube.com/watch?v=s9V516yJPvY
bandage,https://www.youtube.com/watch?v=pEzFY5yRAvg
bandage,https://www.youtube.com/watch?v=1-epIK1JBos
bandh,https://www.youtube.com/watch?v=9uvi60ffpWM
bangladesh,https://www.youtube.com/watch?v=cqU72X1rPKU
banglore,https://www.youtube.com/watch?v=ky2nnLHW79s
bank,https://www.youtube.com/watch?v=uHmYfk7a_V0
barber,https://www.youtube.com/watch?v=r1Kec-aKj2o
base,https://www.youtube.com/watch?v=6imiTPiY7CU
bat,https://www.youtube.com/watch?v=CYnenAAldrE
bat,https://www.youtube.com/watch?v=3F4dX5-5EAw
bath,https://www.youtube.com/watch?v=D5dafhcfWPU
bath,https://www.youtube.com/watch?v=7DLc9Ot3w8I
bathroom,https://www.youtube.com/watch?v=aiNpjugVfbM
become,https://www.youtube.com/watch?v=xW-aoR-232I
bed,https://www.youtube.com/watch?v=OVN7Xc0HDbQ
bedsheet,https://www.youtube.com/watch?v=2-yxkZffkNQ
before,https://www.youtube.com/watch?v=2rsTpBybp90
behind,https://www.youtube.com/watch?v=MFZgiyEzqiM
bell,https://www.youtube.com/watch?v=S1-Zvk6kTy4
below,https://www.youtube.com/watch?v=Un3d4PTw9-o
bench,https://www.youtube.com/watch?v=CcQ8vBsr-sg
benefit,https://www.youtube.com/watch?v=fiwOIpLtCnM
bengali,https://www.youtube.com/watch?v=kbBcjrL-bQY
betrayed,https://www.youtube.com/watch?v=COCYpGejMz8
between,https://www.youtube.com/watch?v=PcbBr5pD2NU
beverages,https://www.youtube.com/watch?v=58Ank-LdZZw
bhangada,https://www.youtube.com/watch?v=QDaHpc4DZuc
bhopal,https://www.youtube.com/watch?v=ZSZQBkvhEDU
bible,https://www.youtube.com/watch?v=zxAkz8NA578
biggest,https://www.youtube.com/watch?v=U94dRWgbE7c
bihar,https://www.youtube.com/watch?v=8V8fdMqOB80
birth,https://www.youtube.com/watch?v=xv5N474gb3c
birthday,https://www.youtube.com/watch?v=Aq68GHsEdW4
bitter,https://www.youtube.com/watch?v=myhOYE0rn9o
black,https://www.youtube.com/watch?v=kO_j7y1KVEw
black,https://www.youtube.com/watch?v=OWXmQqLERXc
blackboard,https://www.youtube.com/watch?v=uOTx2vBMXhY
blanket,https://www.youtube.com/watch?v=8Y2COFVUL60
blood,https://www.youtube.com/watch?v=bCJMJClHnCE
blue,https://www.youtube.com/watch?v=UkLBU7ZJ6jQ
blue,https://www.youtube.com/watch?v=doQiJo_jLPc
bluetooth,https://www.youtube.com/watch?v=tiJnaQfc_Zw
boat,https://www.youtube.com/watch?v=_kqf1kULLsw
boat,https://www.youtube.com/watch?v=Htz_AjYRby8
boat,https://www.youtube.com/watch?v=4yFi-TCeYMo
body,https://www.youtube.com/watch?v=em5hhxYUZvA
bogie,https://www.youtube.com/watch?v=owZ27jmUGN4
bolcony,https://www.youtube.com/watch?v=sGGbek6TTy0
bold,https://www.youtube.com/watch?v=zkZhqzbReCY
bolt,https://www.youtube.com/watch?v=tUmbjQ4rvAU
bone,https://www.youtube.com/watch?v=D4pbIKi-d6c
book,https://www.youtube.com/watch?v=cl3IT8fNRIw
bore,https://www.youtube.com/watch?v=_0rNdKHYELs
borrow,https://www.youtube.com/watch?v=n2T-unWvXIQ
boss,https://www.youtube.com/watch?v=IFE1WYFKKTM
boss,https://www.youtube.com/watch?v=cVdQd8v8cMw
bottle,https://www.youtube.com/watch?v=B2qS9bKPfMM
bowl,https://www.youtube.com/watch?v=0_lnR_MzvTc
boxing,https://www.youtube.com/watch?v=mQkl-vykW9k
boxing,https://www.youtube.com/watch?v=J779RRAk6z4
boy,https://www.youtube.com/watch?v=fWjt_A6MGDE
boyalternate,https://www.youtube.com/watch?v=EGrgzzBeceA
brain,https://www.youtube.com/watch?v=-XfhbluKIiU
branch,https://www.youtube.com/watch?v=Q9KchQygB6c
brass,https://www.youtube.com/watch?v=SGDm0Nci57E
brave,https://www.youtube.com/watch?v=BGmuO2Ekpt4
bread,https://www.youtube.com/watch?v=p7F99cRFZeA
bread,https://www.youtube.com/watch?v=1O0db9LPyvQ
breathe,https://www.youtube.com/watch?v=G-KHlvnSN98
breeding,https://www.youtube.com/watch?v=hL9ZsRoeeGY
bribe,https://www.youtube.com/watch?v=VWtCkFgSsGU
brick,https://www.youtube.com/watch?v=_VblJDo76HA
bridge,https://www.youtube.com/watch?v=fhO6nxCNr_4
broad,https://www.youtube.com/watch?v=FNjm_KurDZI
broadcast,https://www.youtube.com/watch?v=JTkqy2uyA1g
brother,https://www.youtube.com/watch?v=4P_xerc0YAY
brother,https://www.youtube.com/watch?v=G000RE9Aa2g
brotheralternate,https://www.youtube.com/watch?v=5Fo_r39Hk3E
brown,https://www.youtube.com/watch?v=p_Dd8J-dYqE
brown,https://www.youtube.com/watch?v=5ZrmjrMVc3s
bucket,https://www.youtube.com/watch?v=tNKRCrLRKX0
budget,https://www.youtube.com/watch?v=00LvQ_La-yw
budhha,https://www.youtube.com/watch?v=Kx4m8xLqjH4
buffalo,https://www.youtube.com/watch?v=AS3-QMJZTYc
buffalo,https://www.youtube.com/watch?v=QF0UnOa4Sxo
bug,https://www.youtube.com/watch?v=yLpL06Q8Of0
building,https://www.youtube.com/watch?v=p1QIoxaqg2M
bulb,https://www.youtube.com/watch?v=WrktJ9SZWyk
bury,https://www.youtube.com/watch?v=-KUuj46QJDU
bury,https://www.youtube.com/watch?v=WH7wb_9yaIE
bus,https://www.youtube.com/watch?v=8ZGooTDhXHc
bus,https://www.youtube.com/watch?v=ZXulxUaWprs
business,https://www.youtube.com/watch?v=JCk8gC02aEQ
business,https://www.youtube.com/watch?v=zz6Ix5mNS08
business,https://www.youtube.com/watch?v=6R2fZYO4_tI
butter,https://www.youtube.com/watch?v=G_D_0oKAD0A
butterfly,https://www.youtube.com/watch?v=6VQJZJQ_lC0
buy,https://www.youtube.com/watch?v=vtMM97yKc5Q
cake,https://www.youtube.com/watch?v=yL6oDm3nlVQ
calculator,https://www.youtube.com/watch?v=8BQhQJhKt5I
calm,https://www.youtube.com/watch?v=UyDD7XcSfuM
cancel,https://www.youtube.com/watch?v=A8G2_4ZROL0
cancel,https://www.youtube.com/watch?v=XIQRd-m0UMM
cancel,https://www.youtube.com/watch?v=MCoqKULTFF0
cancer,https://www.youtube.com/watch?v=PbCFGotUJfk
cancer,https://www.youtube.com/watch?v=S04XN47YJhk
candle,https://www.youtube.com/watch?v=BX52SVTWHak
capable,https://www.youtube.com/watch?v=AzgWXEotWcY
capital,https://www.youtube.com/watch?v=z6mLo6kNHtw
capslock,https://www.youtube.com/watch?v=pS73AmD8PMc
car,https://www.youtube.com/watch?v=PdXvhBx375Q
car,https://www.youtube.com/watch?v=nFzlp5rzULc
card,https://www.youtube.com/watch?v=QLklyS73n-E
carpenter,https://www.youtube.com/watch?v=5EogQOEWfXI
carrom,https://www.youtube.com/watch?v=zvk5YoW-III
carrom,https://www.youtube.com/watch?v=1vlY4-wF0VE
casts,https://www.youtube.com/watch?v=x5nlzi14d3A
cat,https://www.youtube.com/watch?v=XIWeu6SM9es
cat,https://www.youtube.com/watch?v=NEm8dj_hgpo
cave,https://www.youtube.com/watch?v=ITr8G79YkJI
cd,https://www.youtube.com/watch?v=5z_9DR82uH8
cement,https://www.youtube.com/watch?v=ihNWHw77FAQ
center,https://www.youtube.com/watch?v=hjhL_z1FWXQ
centimeter,https://www.youtube.com/watch?v=v4DI46V3jXE
ceo,https://www.youtube.com/watch?v=_PFfwO5UBUc
cereal,https://www.youtube.com/watch?v=YSvUPkNeeNU
certificate,https://www.youtube.com/watch?v=fvvvSSK-R7c
certificate2,https://www.youtube.com/watch?v=GhlVKh10VnM
chair,https://www.youtube.com/watch?v=BYcZBXPRuvs
chair,https://www.youtube.com/watch?v=pqOBTZfuQig
challenge,https://www.youtube.com/watch?v=M522aNtgODU
chandigarh,https://www.youtube.com/watch?v=z-sLFYxhac4
chapathi,https://www.youtube.com/watch?v=eqxpezXWnv0
chappal,https://www.youtube.com/watch?v=zbxUBvZv25Y
chapter,https://www.youtube.com/watch?v=VhweFec7stQ
character,https://www.youtube.com/watch?v=R45dC1HVTrI
chart,https://www.youtube.com/watch?v=BBmhwfiS1_o
chat,https://www.youtube.com/watch?v=ac-80cvIiws
cheat,https://www.youtube.com/watch?v=iUoASdFM-cw
chemistry,https://www.youtube.com/watch?v=tKomK1QC0oI
chennai,https://www.youtube.com/watch?v=LlHYRR-B0co
chennai2,https://www.youtube.com/watch?v=ehQ_VRNvygw
cheque,https://www.youtube.com/watch?v=j6lKfAdstN8
chess,https://www.youtube.com/watch?v=Q_pUoMuRd5A
chess,https://www.youtube.com/watch?v=doyllTSAV0o
chest,https://www.youtube.com/watch?v=90xSP-2Ijes
chew,https://www.youtube.com/watch?v=y-UeNpAB1Bg
chicken,https://www.youtube.com/watch?v=FncNm9FkTsM
chicken,https://www.youtube.com/watch?v=JMYd8clKDEY
chicken,https://www.youtube.com/watch?v=lnhTMDdliT0
children,https://www.youtube.com/watch?v=Cx93hYdyDSc
china,https://www.youtube.com/watch?v=UKcNC6k7gM4
chocolate,https://www.youtube.com/watch?v=knttNYcrIlo
choleara,https://www.youtube.com/watch?v=bQ-DiNXBDvk
choleara,https://www.youtube.com/watch?v=FlVA8tMSMus
cholera2,https://www.youtube.com/watch?v=ajAXpTc93d0
cholera2,https://www.youtube.com/watch?v=lVupX-Nfzv8
christian,https://www.youtube.com/watch?v=l49Ce39YuO4
christmas,https://www.youtube.com/watch?v=EJOMQJoG3Fc
chuch,https://www.youtube.com/watch?v=GcaIXGJlhPY
cinema,https://www.youtube.com/watch?v=gdVRjn7fbRU
circus,https://www.youtube.com/watch?v=RURcvLSfQOk
clarification,https://www.youtube.com/watch?v=zXc_rU72FAI
clear,https://www.youtube.com/watch?v=dJZ7rbYAToM
clerk,https://www.youtube.com/watch?v=oDv6vu5EFCA
clerk2,https://www.youtube.com/watch?v=l0LVxTcyOzk
clever,https://www.youtube.com/watch?v=eabTdJ9Ie3Y
clinic,https://www.youtube.com/watch?v=WHlk9fIk4bw
clinic,https://www.youtube.com/watch?v=Ui-Ze6XYG-w
clock,https://www.youtube.com/watch?v=RwaNFu4xwXY
close,https://www.youtube.com/watch?v=LwPjn84Ssio
close,https://www.youtube.com/watch?v=M6K7eEZ06PI
close,https://www.youtube.com/watch?v=YfVZBd-hGgg
close,https://www.youtube.com/watch?v=5tG_fwkkezo
clown,https://www.youtube.com/watch?v=EltOwBcVx0s
club,https://www.youtube.com/watch?v=eZ5hkoW3zkc
coal,https://www.youtube.com/watch?v=1u63oU74f6o
coat,https://www.youtube.com/watch?v=NqR-yBJsytU
cobbler,https://www.youtube.com/watch?v=VIPe30o7Zu4
cochin,https://www.youtube.com/watch?v=2N4vIN6yq1c
cockroach,https://www.youtube.com/watch?v=NOdX7x35Qms
coconut2,https://www.youtube.com/watch?v=-VTLC3QT8h0
coffee,https://www.youtube.com/watch?v=pgr30mp9uNM
coffee,https://www.youtube.com/watch?v=96BJ5eDBGcE
coin,https://www.youtube.com/watch?v=_d1vUQZFN0Y
cold,https://www.youtube.com/watch?v=AIT7mC4HRxI
cold,https://www.youtube.com/watch?v=wscF5DOt4YQ
cold,https://www.youtube.com/watch?v=7EUQQbfzxcE
college,https://www.youtube.com/watch?v=ZX2LxPWkQgo
comb,https://www.youtube.com/watch?v=CHHXVk6ddFE
comb,https://www.youtube.com/watch?v=-9jrEKI-3zw
come,https://www.youtube.com/watch?v=KBQkVnTLyZw
comittee,https://www.youtube.com/watch?v=LEjvN0IbSR8
command,https://www.youtube.com/watch?v=pje1cfefWz4
compass,https://www.youtube.com/watch?v=bTW2gLOKXOg
complained,https://www.youtube.com/watch?v=kz4pAnJe4yQ
computer,https://www.youtube.com/watch?v=OdcnAxk9iX4
concentarte,https://www.youtube.com/watch?v=drSvm5dT2Yg
concern,https://www.youtube.com/watch?v=rwYRQWz8Kyo
concerned,https://www.youtube.com/watch?v=44NvnZKHskY
condition,https://www.youtube.com/watch?v=L_zPutFNDhg
conduct,https://www.youtube.com/watch?v=5-HATlQktAM
cone,https://www.youtube.com/watch?v=Srdc0BN-mzk
confidence,https://www.youtube.com/watch?v=ZPke2sAJGQg
confident,https://www.youtube.com/watch?v=0RI1F9ACVrk
consultant,https://www.youtube.com/watch?v=VMn48lnsIkE
consumer,https://www.youtube.com/watch?v=rJE_FasfWEo
continent,https://www.youtube.com/watch?v=sqpcttmxqWI
contrary,https://www.youtube.com/watch?v=7i2jjq_Ndn8
contribution,https://www.youtube.com/watch?v=Vr3k9FZMBLM
control,https://www.youtube.com/watch?v=mxnHqWXkCTE
cool,https://www.youtube.com/watch?v=sNQ8FT7BOwc
coolie1,https://www.youtube.com/watch?v=JRxpkkaCF9I
coolie2,https://www.youtube.com/watch?v=jVEL0aMWMso
copper,https://www.youtube.com/watch?v=ZBgbQUfVGNw
copy,https://www.youtube.com/watch?v=BdMH0bDImsk
copy,https://www.youtube.com/watch?v=2Z1TYoV3FtM
copy2,https://www.youtube.com/watch?v=V3E5ezFHHvk
corn,https://www.youtube.com/watch?v=1BCTvmAnfp0
corridor,https://www.youtube.com/watch?v=9oa6Y7ixtIg
corruption,https://www.youtube.com/watch?v=UvYE4RnWT58
corruption,https://www.youtube.com/watch?v=i8s3cShSXcU
cot,https://www.youtube.com/watch?v=VR-veI6kIGI
cough,https://www.youtube.com/watch?v=3TC1lWWBmko
cough,https://www.youtube.com/watch?v=yhJCh0HPftQ
council,https://www.youtube.com/watch?v=wZbp3vJ94No
counsellor,https://www.youtube.com/watch?v=3LZsAFhAxuU
count,https://www.youtube.com/watch?v=tzvEJQxhEnU
country,https://www.youtube.com/watch?v=NwR5w70gJH0
courier,https://www.youtube.com/watch?v=ZiBtikwX2Yk
courier,https://www.youtube.com/watch?v=uAWIHe1tQr8
course,https://www.youtube.com/watch?v=cB_5OQuyPGM
court,https://www.youtube.com/watch?v=ss-C6h9LU1U
cow,https://www.youtube.com/watch?v=a2bYwRsASNU
cow,https://www.youtube.com/watch?v=mdcqwVDK5as
crayons,https://www.youtube.com/watch?v=biuYCIHuNuA
creditor,https://www.youtube.com/watch?v=0i5r1ILBJu4
creeper,https://www.youtube.com/watch?v=yY-Jjvu6PJE
cremate,https://www.youtube.com/watch?v=Rl8T92JANRI
cremate,https://www.youtube.com/watch?v=WHqwFbAaIdQ
crime,https://www.youtube.com/watch?v=vO6LRB5O0Ng
criminal,https://www.youtube.com/watch?v=HDWMmnvvXoo
crocodile,https://www.youtube.com/watch?v=0f86T4TOwpg
crocodile,https://www.youtube.com/watch?v=WX8vl1bVFcU
crow,https://www.youtube.com/watch?v=G5YteJdQxXw
crow,https://www.youtube.com/watch?v=TEZk1yiB8aE
crow1,https://www.youtube.com/watch?v=fovypmv_6Lo
cry,https://www.youtube.com/watch?v=sjGYFomjOnc
cultivating,https://www.youtube.com/watch?v=0xz0nT3ynN0
cup,https://www.youtube.com/watch?v=ecvmlStJ_jk
cupboard,https://www.youtube.com/watch?v=6-VcbEsF09A
cure,https://www.youtube.com/watch?v=Wk3qOd3haCI
cure,https://www.youtube.com/watch?v=zKMIT8GF7zE
curry,https://www.youtube.com/watch?v=4YwrVfJnWSw
curtain,https://www.youtube.com/watch?v=Ep3cTK78jSw
cut,https://www.youtube.com/watch?v=3klcyniQF7s
cutout,https://www.youtube.com/watch?v=W3KNEZo0KQM
cycle,https://www.youtube.com/watch?v=UZLYQHg5fEw
cycle,https://www.youtube.com/watch?v=inIYOeIMSe0
dam,https://www.youtube.com/watch?v=mC-dMTuyGqo
dance,https://www.youtube.com/watch?v=_cbKDji8AWk
dasara,https://www.youtube.com/watch?v=SAMPXUKcvEA
daughter,https://www.youtube.com/watch?v=qgUAaV9g-I8
daughter,https://www.youtube.com/watch?v=q2lvjNcjorw
daughteralternate,https://www.youtube.com/watch?v=ke_pii-KHek
day,https://www.youtube.com/watch?v=OxXpcvph4T0
debitor,https://www.youtube.com/watch?v=1LuQCfHO9Cc
december,https://www.youtube.com/watch?v=cNon5zb96IM
december,https://www.youtube.com/watch?v=UZhvzhbXrwg
decide,https://www.youtube.com/watch?v=oaK5X_fLRyY
deer,https://www.youtube.com/watch?v=coynraZkBAQ
deer,https://www.youtube.com/watch?v=M65bE0JZru4
defence,https://www.youtube.com/watch?v=gaZUsIbRlFQ
delhi,https://www.youtube.com/watch?v=VbRAAGRNfCM
delightful,https://www.youtube.com/watch?v=L3UV_aLys8o
demand,https://www.youtube.com/watch?v=rmhG52WIdRY
dentition,https://www.youtube.com/watch?v=ZLF7s7I6Tjo
dependent,https://www.youtube.com/watch?v=zxE-uBXLuIE
deposit,https://www.youtube.com/watch?v=n0XRKEQh_I8
descending,https://www.youtube.com/watch?v=Iop6u_y-cUQ
desert,https://www.youtube.com/watch?v=2Uxbhp6hy7w
deserve,https://www.youtube.com/watch?v=AcTi4dBKO48
designing,https://www.youtube.com/watch?v=qw1BEo175Vg
desk,https://www.youtube.com/watch?v=ya1Fs0YSL2M
devil,https://www.youtube.com/watch?v=GfmU6u27GUY
devote,https://www.youtube.com/watch?v=xZXfCHSN38U
dhobi,https://www.youtube.com/watch?v=5q74kDQXof0
diabetes,https://www.youtube.com/watch?v=_Nbhg7nb9Us
diabetes,https://www.youtube.com/watch?v=XW8ECRyO0ZQ
die,https://www.youtube.com/watch?v=9Tj7_blFGdU
die,https://www.youtube.com/watch?v=Tbh7MNnIPKo
difficult,https://www.youtube.com/watch?v=2xnC0OuOC1M
dig,https://www.youtube.com/watch?v=fLuquJzdHdI
dinner1,https://www.youtube.com/watch?v=X0xZ-UCoucc
disability,https://www.youtube.com/watch?v=DDDDYb9N2WM
discipline,https://www.youtube.com/watch?v=CtAM_9bkW9Y
discuss,https://www.youtube.com/watch?v=eznJqI5U9Jo
discussion,https://www.youtube.com/watch?v=_-Ksm-J38NE
disease,https://www.youtube.com/watch?v=o9VbtFO3yyc
disgrace,https://www.youtube.com/watch?v=ryh-PEXsdk0
dish,https://www.youtube.com/watch?v=ZB0GkoCY2Ec
distance,https://www.youtube.com/watch?v=eMlY_WCzMwo
divide,https://www.youtube.com/watch?v=dKEKKyPtQWA
doctor,https://www.youtube.com/watch?v=qe1hFE1rGqQ
dog,https://www.youtube.com/watch?v=Vm5hnV2jBIg
dog,https://www.youtube.com/watch?v=jR9Y5E0CLSM
doll,https://www.youtube.com/watch?v=618Ibz7Fys8
dollar,https://www.youtube.com/watch?v=iVYwEjllFFo
door,https://www.youtube.com/watch?v=o7pYQZjW5Ic
dosa,https://www.youtube.com/watch?v=1c5KfKhaeYI
doubt,https://www.youtube.com/watch?v=MVPlGCNqnvw
dove,https://www.youtube.com/watch?v=tRIsWELI1Co
dove,https://www.youtube.com/watch?v=8LLiAP4iMT0
down,https://www.youtube.com/watch?v=yNTxiZkvmWs
download,https://www.youtube.com/watch?v=Wvod_QmCXxE
dowry,https://www.youtube.com/watch?v=n5FTe7zthjc
draftsman,https://www.youtube.com/watch?v=rH0DysMKPrU
draftsman,https://www.youtube.com/watch?v=ab-3XKbque4
drag,https://www.youtube.com/watch?v=wH83j9MlTMs
drama,https://www.youtube.com/watch?v=PHEzHWqEDm8
drawer,https://www.youtube.com/watch?v=2TjzI_7tXJ0
drum,https://www.youtube.com/watch?v=qn7qg7kGagE
dubai,https://www.youtube.com/watch?v=4hz-EmKyxCM
duck,https://www.youtube.com/watch?v=zBQmHc2K-wA
duck,https://www.youtube.com/watch?v=sx96KxKpIAE
dull,https://www.youtube.com/watch?v=IakOyk-XsQ8
durga,https://www.youtube.com/watch?v=I3GxV5d3kwU
during,https://www.youtube.com/watch?v=L24MlkaT2Iw
duster,https://www.youtube.com/watch?v=1Fgp6YsEHX4
dvd,https://www.youtube.com/watch?v=Ndc-oExxqZo
early,https://www.youtube.com/watch?v=h9orLN33LF0
early,https://www.youtube.com/watch?v=ouIli9fs5Pg
earth,https://www.youtube.com/watch?v=71YTFCoSMSc
earthquake,https://www.youtube.com/watch?v=zszn5WQvaOw
east,https://www.youtube.com/watch?v=_1pk8wb-BxY
easter,https://www.youtube.com/watch?v=1U1ned0z8eI
easy,https://www.youtube.com/watch?v=17sDOtNMlzc
eat,https://www.youtube.com/watch?v=1Qo5OReFqZU
eclipse,https://www.youtube.com/watch?v=yAiv0fdQGh4
edit,https://www.youtube.com/watch?v=qVDDjkwk6mU
education,https://www.youtube.com/watch?v=vm3xZQgBKAs
effect,https://www.youtube.com/watch?v=L_HEJjKGRwg
effort,https://www.youtube.com/watch?v=G1HA_EWkrfA
elbow,https://www.youtube.com/watch?v=7PfuT5-6A9U
election,https://www.youtube.com/watch?v=SgZTQNffX_k
election,https://www.youtube.com/watch?v=ui8N90b3JRg
electric,https://www.youtube.com/watch?v=POjaHJixUGo
electrician,https://www.youtube.com/watch?v=X1JbJ14eyZA
electrician,https://www.youtube.com/watch?v=185XgojPBn4
elephant,https://www.youtube.com/watch?v=dbEa_SIIXB4
elephant,https://www.youtube.com/watch?v=T3zx8WoURNM
email,https://www.youtube.com/watch?v=7_QOlLg70fI
email,https://www.youtube.com/watch?v=0HzCJaEjkNM
embed,https://www.youtube.com/watch?v=cX8nAmuCXKo
emotion,https://www.youtube.com/watch?v=lcNT_VGxKG4
emphasize,https://www.youtube.com/watch?v=5Wq6EdNL1zg
encourage,https://www.youtube.com/watch?v=xpChKXL5qUE
enemy,https://www.youtube.com/watch?v=zv_gskE1JHI
energy,https://www.youtube.com/watch?v=KC6SfnFWMDM
engagement,https://www.youtube.com/watch?v=ewHWYqZmW1s
engine,https://www.youtube.com/watch?v=iKWFLpLLppQ
engineer,https://www.youtube.com/watch?v=aMWRjkF9wPc
england,https://www.youtube.com/watch?v=pk2fznGwsh0
enjoy,https://www.youtube.com/watch?v=uXIzla5JXbk
enjoyable,https://www.youtube.com/watch?v=itKbIpK60iY
entertainment,https://www.youtube.com/watch?v=zLvKmLMhoKc
envelop,https://www.youtube.com/watch?v=J2NfaQGpSb8
equater,https://www.youtube.com/watch?v=-ors6nf6E20
equipment,https://www.youtube.com/watch?v=4OoCyHPYiDY
eraser,https://www.youtube.com/watch?v=8dyM_R1B3Ug
eraser,https://www.youtube.com/watch?v=T3NF3FWKkKQ
escalate,https://www.youtube.com/watch?v=sXCWY_PW1-E
essay,https://www.youtube.com/watch?v=HjeJE7uTQ-Y
essay2,https://www.youtube.com/watch?v=lT0UXl8FbhA
estimate,https://www.youtube.com/watch?v=ugmBtWe41uY
europe,https://www.youtube.com/watch?v=EF1G4PSpLrI
evaluate,https://www.youtube.com/watch?v=2yP_u7dKRN0
evidence,https://www.youtube.com/watch?v=aRca-h1s0js
examination,https://www.youtube.com/watch?v=30p5wcNDMXk
example,https://www.youtube.com/watch?v=hiRy04LEMjU
exercise,https://www.youtube.com/watch?v=YxwdWXL0Idg
experiement,https://www.youtube.com/watch?v=LHgxhKvgM5Q
experience,https://www.youtube.com/watch?v=jUd_518wKiM
explain,https://www.youtube.com/watch?v=mjqPut1TXik
export,https://www.youtube.com/watch?v=IN-tY37Fnc0
eye,https://www.youtube.com/watch?v=HxSgCr_I7Js
face,https://www.youtube.com/watch?v=S6cfpei8Qac
facebook,https://www.youtube.com/watch?v=B_WDdwCB8lg
facebook,https://www.youtube.com/watch?v=SE5raaUnrzo
factory,https://www.youtube.com/watch?v=1rW2XRl8azQ
fake,https://www.youtube.com/watch?v=zdyNf7BbWdY
famous,https://www.youtube.com/watch?v=zALiA5C3ZH4
fan,https://www.youtube.com/watch?v=wJ3iFmRmkuo
fan,https://www.youtube.com/watch?v=uWHsdXsSKhA
far,https://www.youtube.com/watch?v=NBOp2UxAe44
far2,https://www.youtube.com/watch?v=oypgQW3VLBc
farewell,https://www.youtube.com/watch?v=S10mA7QycUI
farmer,https://www.youtube.com/watch?v=de6yYoc9fI8
fate,https://www.youtube.com/watch?v=5rj8VBKyaWc
father,https://www.youtube.com/watch?v=ZITjMAfmspI
father,https://www.youtube.com/watch?v=Q0D-6GSQViY
fatheralternate,https://www.youtube.com/watch?v=iVsS1uob_fU
fax,https://www.youtube.com/watch?v=FqAijBA2e-g
fear,https://www.youtube.com/watch?v=vp8n1Tmt-9Y
fear,https://www.youtube.com/watch?v=WZFX4851KEw
february,https://www.youtube.com/watch?v=PeO2piZaW1c
february,https://www.youtube.com/watch?v=TPUSGgIDvNA
festivals,https://www.youtube.com/watch?v=A29ilYEb-vU
file,https://www.youtube.com/watch?v=e9zJ5UWeRg0
file,https://www.youtube.com/watch?v=ch4nKcGs4FU
file,https://www.youtube.com/watch?v=HJa5YxpBmPk
file,https://www.youtube.com/watch?v=Mo9y6kc9C_0
film,https://www.youtube.com/watch?v=caXhHqJjGCE
finance,https://www.youtube.com/watch?v=qMbqUNqPoT4
fingers,https://www.youtube.com/watch?v=wYfv4WDIz1Y
fire,https://www.youtube.com/watch?v=_zJdtT4RKL8
fisherman,https://www.youtube.com/watch?v=YWFEMNpbBpE
flag,https://www.youtube.com/watch?v=aB5IvN-El30
flood,https://www.youtube.com/watch?v=cdldOaUJWPo
floor,https://www.youtube.com/watch?v=k566H3F4nMI
flute,https://www.youtube.com/watch?v=0JXwQ7_SqHI
focus,https://www.youtube.com/watch?v=4oOCBKM4BkA
focus,https://www.youtube.com/watch?v=ck3F866TPFk
folder,https://www.youtube.com/watch?v=6-tx-gNm49U
food,https://www.youtube.com/watch?v=Vc0BSkMoTp8
food,https://www.youtube.com/watch?v=JDY61Ns9Fis
fool,https://www.youtube.com/watch?v=UR1Y-sGr8uQ
foolish,https://www.youtube.com/watch?v=y0N11BdMvdA
foot,https://www.youtube.com/watch?v=I9j97PpToNM
foot,https://www.youtube.com/watch?v=u30qlJ1gPSU
footpath,https://www.youtube.com/watch?v=oCfTjm0g2Xg
forehead,https://www.youtube.com/watch?v=fXst_adIJmg
foreign,https://www.youtube.com/watch?v=mnGHFS_zrv4
format,https://www.youtube.com/watch?v=2_NSe3Z-K4Y
forward,https://www.youtube.com/watch?v=LDFXwTsFwJQ
forward,https://www.youtube.com/watch?v=tdgNnHBy21g
foundation,https://www.youtube.com/watch?v=Rv73rvyNZSE
fox,https://www.youtube.com/watch?v=yIzk5XawooE
fox,https://www.youtube.com/watch?v=fiOz6aqViRc
france,https://www.youtube.com/watch?v=3H2iBzhfLMc
friday,https://www.youtube.com/watch?v=KlS5_rtmCRI
friday,https://www.youtube.com/watch?v=1di4Uzc8c-0
friend,https://www.youtube.com/watch?v=VHgo9QOpKuI
friend,https://www.youtube.com/watch?v=Xjb8eJd6PTA
friendalternate,https://www.youtube.com/watch?v=l2PJcgMoR1E
frighten,https://www.youtube.com/watch?v=DnO87KpilSs
from,https://www.youtube.com/watch?v=95V5uxMjvh4
fruits,https://www.youtube.com/watch?v=I8fC5SiTuZk
fullmoon,https://www.youtube.com/watch?v=aXcpnNeEa_s
funeral,https://www.youtube.com/watch?v=yOjOSUHFbVY
funny,https://www.youtube.com/watch?v=P5Yc33PMS2E
further,https://www.youtube.com/watch?v=B2msSzk6RN4
future,https://www.youtube.com/watch?v=KFpf58yB9B8
gain,https://www.youtube.com/watch?v=Zbb6Grg_Dow
games,https://www.youtube.com/watch?v=J7NPNuMqviM
games,https://www.youtube.com/watch?v=ZLmt96fSw_k
gardener,https://www.youtube.com/watch?v=fbC8MVqg1fI
gate,https://www.youtube.com/watch?v=Q9K9u8qbl6c
gate,https://www.youtube.com/watch?v=a9Qu94F9v1c
general,https://www.youtube.com/watch?v=IxBz31OnJhc
geography,https://www.youtube.com/watch?v=pkiYQgFYez4
germany,https://www.youtube.com/watch?v=aQINjIwPELc
ghost,https://www.youtube.com/watch?v=7Ub_7MM_LZs
girl,https://www.youtube.com/watch?v=vWQkojnSGIc
girlalternate,https://www.youtube.com/watch?v=Yc1xasS1J6E
girlalternate2,https://www.youtube.com/watch?v=Ph51YUNiDQM
glad,https://www.youtube.com/watch?v=3VrwbUQ3e7s
glass,https://www.youtube.com/watch?v=NEWEEmrNGJk
glass,https://www.youtube.com/watch?v=Z8duUh9TnH8
gmail,https://www.youtube.com/watch?v=Po7WURkkrO8
gmail,https://www.youtube.com/watch?v=_ESM4lMv8Mc
go,https://www.youtube.com/watch?v=g0x4t_3jbWg
goa,https://www.youtube.com/watch?v=MghoQKwEX4I
goal,https://www.youtube.com/watch?v=v1X_wdagN9Q
goal,https://www.youtube.com/watch?v=pudHnxBSK4s
god,https://www.youtube.com/watch?v=leHxE-p5moU
gold,https://www.youtube.com/watch?v=hMj0TpwiMLY
google,https://www.youtube.com/watch?v=lnf6TQyBEIA
government,https://www.youtube.com/watch?v=3djlFzomAQM
grain,https://www.youtube.com/watch?v=LM9H33SIY78
gram,https://www.youtube.com/watch?v=A3r12-cbXNY
granddaughter,https://www.youtube.com/watch?v=eteWeXS4GY4
grandfather,https://www.youtube.com/watch?v=Oo8jUWnUbUc
grandmother,https://www.youtube.com/watch?v=U2R4tQz3tw8
grandmother,https://www.youtube.com/watch?v=Lt_s-wkzvGc
grandmother,https://www.youtube.com/watch?v=k6Oow71GC2M
grandson,https://www.youtube.com/watch?v=rvmLJNMOFbA
grape,https://www.youtube.com/watch?v=Yhbro0Gl1PE
grape,https://www.youtube.com/watch?v=RjFiCC9NkTI
green,https://www.youtube.com/watch?v=m3qkLs2s-E0
green,https://www.youtube.com/watch?v=NREcdV4xqt8
groundnut,https://www.youtube.com/watch?v=O3reenwMeQs
group,https://www.youtube.com/watch?v=vlq17t-3FOo
guard,https://www.youtube.com/watch?v=nCD-rUXV-OY
guava,https://www.youtube.com/watch?v=L-24yIl9j8Q
guava,https://www.youtube.com/watch?v=bR6gtN-G6Bw
guilty,https://www.youtube.com/watch?v=iIUtvIqYzhc
guitar,https://www.youtube.com/watch?v=L2rmbx8iofk
gujrat,https://www.youtube.com/watch?v=MzfUumw2Mzw
gujrathi,https://www.youtube.com/watch?v=02Zs2BX4wRQ
gun,https://www.youtube.com/watch?v=0RX9HCLq1hs
guwahati,https://www.youtube.com/watch?v=TYmIaEBpLrU
hair,https://www.youtube.com/watch?v=rBd9W19_SSI
hall,https://www.youtube.com/watch?v=MpJ7ngAYxZg
hall,https://www.youtube.com/watch?v=MtVM9pVGJKs
hammer,https://www.youtube.com/watch?v=zwVZnADzeT8
hand,https://www.youtube.com/watch?v=d-ICnuyYB7w
hanuman,https://www.youtube.com/watch?v=XVD_umgyoi8
happy,https://www.youtube.com/watch?v=3qE15sadbtQ
harbour,https://www.youtube.com/watch?v=1ALIIIHI4Sc
hard,https://www.youtube.com/watch?v=6CmPK3tlODk
harmful,https://www.youtube.com/watch?v=JUDEMSzwCtE
harmonium,https://www.youtube.com/watch?v=zeseNOwj21o
he,https://www.youtube.com/watch?v=x97C5vWgSao
health,https://www.youtube.com/watch?v=SqXLNQahUhA
heart,https://www.youtube.com/watch?v=QdkUCW5nF2k
helicopter,https://www.youtube.com/watch?v=ZMWCrRD4D0o
hen,https://www.youtube.com/watch?v=YHcVg4HmFZM
hen,https://www.youtube.com/watch?v=YVizya08B6o
here,https://www.youtube.com/watch?v=9UZZRW-ZevQ
hers,https://www.youtube.com/watch?v=PMNXQ6Je7wc
herself,https://www.youtube.com/watch?v=O-K97BC0U58
hibernate,https://www.youtube.com/watch?v=EQ5HTqZQISo
hill,https://www.youtube.com/watch?v=FfCUmI1Oprg
him,https://www.youtube.com/watch?v=T-OHM4XO1WI
himself,https://www.youtube.com/watch?v=owq_iS3bEb8
hindi,https://www.youtube.com/watch?v=p3cFzcs6i1g
hindu,https://www.youtube.com/watch?v=Dc7zVePbkB0
hip,https://www.youtube.com/watch?v=2xLiM6lSgzY
hire,https://www.youtube.com/watch?v=80yJh85-yhE
his,https://www.youtube.com/watch?v=n8wGDqONG-E
history,https://www.youtube.com/watch?v=YTCD5XdweQY
hockey,https://www.youtube.com/watch?v=OLIjVBQZRAA
hockey,https://www.youtube.com/watch?v=hWFTLwgANIk
hold,https://www.youtube.com/watch?v=d-0ADWFEnj4
hole,https://www.youtube.com/watch?v=H3CdtAA5qio
holi,https://www.youtube.com/watch?v=5fELXr5T0eE
honour,https://www.youtube.com/watch?v=fP4YyEVQGKU
honoured,https://www.youtube.com/watch?v=zOGaLTWkX4U
horse,https://www.youtube.com/watch?v=2HMK219N2Mg
horse,https://www.youtube.com/watch?v=SJayAKo1eeU
hot,https://www.youtube.com/watch?v=Vx2Q7l57gfU
hour,https://www.youtube.com/watch?v=QuF7FGYRTgk
house,https://www.youtube.com/watch?v=GMUUeO9UVSY
housefly,https://www.youtube.com/watch?v=3a216ig08e4
how,https://www.youtube.com/watch?v=ej_z33KA73Y
hurray,https://www.youtube.com/watch?v=jDkjSzZ7cw8
husband,https://www.youtube.com/watch?v=2absGfnEXaA
husband,https://www.youtube.com/watch?v=_MjNpshHIjA
husbandalternate,https://www.youtube.com/watch?v=AuDxsPkMPbg
hyderabad,https://www.youtube.com/watch?v=Q09D16Sr99s
i,https://www.youtube.com/watch?v=KexTnJiibIA
icecream,https://www.youtube.com/watch?v=HDXS12u2qTI
id,https://www.youtube.com/watch?v=E1F6Q9aSFuE
identity,https://www.youtube.com/watch?v=owXbRsxUh3M
ignore,https://www.youtube.com/watch?v=-J01m9yCFfY
immediate,https://www.youtube.com/watch?v=-UlKFJYyfF0
immigrate,https://www.youtube.com/watch?v=o97ZFxgQACg
import,https://www.youtube.com/watch?v=2lBECFkyrak
improve,https://www.youtube.com/watch?v=YIaxKFc0W9o
in,https://www.youtube.com/watch?v=8Lo2xbvtEFk
inch,https://www.youtube.com/watch?v=qIvzyabi0Zo
incident,https://www.youtube.com/watch?v=xEPKUSF6Pi4
income,https://www.youtube.com/watch?v=TAhOn-kCSo4
india,https://www.youtube.com/watch?v=zmtacxVs1ZI
india,https://www.youtube.com/watch?v=c_YdRJs0wzQ
individual,https://www.youtube.com/watch?v=T9AapoeDKBo
information,https://www.youtube.com/watch?v=w3gqugHgAEs
injection,https://www.youtube.com/watch?v=39gVdpipzqc
input,https://www.youtube.com/watch?v=WCE_FnllD3c
insect,https://www.youtube.com/watch?v=5rD9nPyMiuU
install,https://www.youtube.com/watch?v=eYkj8QyFcdY
instigate,https://www.youtube.com/watch?v=WkwzmSdcpLM
institute,https://www.youtube.com/watch?v=vgBO4maa2HY
insufficient,https://www.youtube.com/watch?v=9y1tHBm7GOk
insult,https://www.youtube.com/watch?v=MW30vzlhuoU
intention,https://www.youtube.com/watch?v=7AOTY2WKhJU
interest,https://www.youtube.com/watch?v=LF74P3MJdzk
interest,https://www.youtube.com/watch?v=FIvktwfmwG8
internet,https://www.youtube.com/watch?v=_3XLkV6Yupw
internet,https://www.youtube.com/watch?v=ec3OO-Tl7RM
internet,https://www.youtube.com/watch?v=_mjQoM2mtkw
interview,https://www.youtube.com/watch?v=Mhn4xXscgCc
invasion,https://www.youtube.com/watch?v=ASJugr197xg
invistitage,https://www.youtube.com/watch?v=DOUJwJx7Qdw
involve,https://www.youtube.com/watch?v=Zx3slgVLDtE
iron,https://www.youtube.com/watch?v=-DohMPjSA_Y
irresponsible,https://www.youtube.com/watch?v=gbng9gcPnu4
island,https://www.youtube.com/watch?v=be6kgqoSnJQ
israel,https://www.youtube.com/watch?v=pq5QwlBbdr8
it,https://www.youtube.com/watch?v=G8DNDAivTA0
italic,https://www.youtube.com/watch?v=rmR_2bJS4lc
its,https://www.youtube.com/watch?v=CH3Eb-jpF6g
itself,https://www.youtube.com/watch?v=Sc3f4eC8i8A
jackfruit,https://www.youtube.com/watch?v=NDYSZ0FSLIc
jail,https://www.youtube.com/watch?v=cXfwrfkUw6I
jailor,https://www.youtube.com/watch?v=p2fhH5-YX90
jain,https://www.youtube.com/watch?v=x7NOX32HrYM
jaipur,https://www.youtube.com/watch?v=xSmo6rEmcbc
jam,https://www.youtube.com/watch?v=4tx-iQEf1os
january,https://www.youtube.com/watch?v=k50098QByas
january,https://www.youtube.com/watch?v=4ROWNkdmZ20
japan,https://www.youtube.com/watch?v=igD6gyYON7k
jaundice,https://www.youtube.com/watch?v=LeHodlh822Q
jealous,https://www.youtube.com/watch?v=cEPg5_1p6_4
jealous2,https://www.youtube.com/watch?v=qWhqSFqB9cM
jeep,https://www.youtube.com/watch?v=RyjFLqzSBSQ
jesus,https://www.youtube.com/watch?v=l7JyydUmhLg
jew,https://www.youtube.com/watch?v=HidRtSpOjUk
joke,https://www.youtube.com/watch?v=GaNDPssTElQ
judge,https://www.youtube.com/watch?v=SJGbV-D2gIM
juice,https://www.youtube.com/watch?v=A0kPnMTcj9s
juice,https://www.youtube.com/watch?v=33BZTAZgOSA
juice2,https://www.youtube.com/watch?v=UuH007gwXnM
just,https://www.youtube.com/watch?v=MhMS3M09Imk
justice,https://www.youtube.com/watch?v=XgEzC7j0EP4
kannada,https://www.youtube.com/watch?v=a8_2Zmvcrpo
kanpur,https://www.youtube.com/watch?v=gB50iW8aNU8
karate,https://www.youtube.com/watch?v=XxjvoZuqPVY
karate,https://www.youtube.com/watch?v=h77Mm9Y7rMM
karnataka,https://www.youtube.com/watch?v=jz7OuO4iL7s
kerala,https://www.youtube.com/watch?v=iGB9QRAeeV0
key,https://www.youtube.com/watch?v=ZYjwOiZky7w
kilogram,https://www.youtube.com/watch?v=6W62JVh_PV4
kilometer,https://www.youtube.com/watch?v=At-TXUXp74g
king,https://www.youtube.com/watch?v=p1vhM3ps3Vk
kitchen,https://www.youtube.com/watch?v=A-wNXcnZFeo
kitchen,https://www.youtube.com/watch?v=97PzO8Yhgyg
kitchen,https://www.youtube.com/watch?v=A0RaKaCmUVM
kite,https://www.youtube.com/watch?v=-nTCxGB7IdE
kite,https://www.youtube.com/watch?v=7Y78j9lfIw8
knife,https://www.youtube.com/watch?v=poL3bAAf3UY
knowledge,https://www.youtube.com/watch?v=yqnHuR479h0
kolkata,https://www.youtube.com/watch?v=_sHlRv3XdQk
krishna,https://www.youtube.com/watch?v=wpo0qcHfPh0
laboratory,https://www.youtube.com/watch?v=b_gY2ojtBN4
ladder,https://www.youtube.com/watch?v=wgX9WWelbDg
laddu,https://www.youtube.com/watch?v=wtt9mJWjY_k
lake,https://www.youtube.com/watch?v=PS5w1y1spW0
lan,https://www.youtube.com/watch?v=gIAVFdHIZTw
land,https://www.youtube.com/watch?v=8b-4df0xCEU
laptop,https://www.youtube.com/watch?v=RxSiBFSCZXs
lassi,https://www.youtube.com/watch?v=u6swL-cTHMg
late,https://www.youtube.com/watch?v=deLfvn75OVw
late,https://www.youtube.com/watch?v=uhiezPUJTwE
late,https://www.youtube.com/watch?v=meZlxptQN1A
late2,https://www.youtube.com/watch?v=aq37S4vuIKk
laugh,https://www.youtube.com/watch?v=NWiPAJthRc4
launch,https://www.youtube.com/watch?v=zOPMx3aGzzY
lawyer,https://www.youtube.com/watch?v=nbo2bXOJTy4
lazy,https://www.youtube.com/watch?v=qwnfqb0Ne80
ldli,https://www.youtube.com/watch?v=A24gdztagrM
leader,https://www.youtube.com/watch?v=hih3Zi913HU
learn,https://www.youtube.com/watch?v=__MAu5yF4zA
leather,https://www.youtube.com/watch?v=fv9nVVP1w1E
leave,https://www.youtube.com/watch?v=4c5M09hGZPM
leave,https://www.youtube.com/watch?v=5nX8jYHrkXU
lecturer,https://www.youtube.com/watch?v=dMqEv7FV4nE
left,https://www.youtube.com/watch?v=EjpLNIoxvI4
leg,https://www.youtube.com/watch?v=QZ6VsOx7Axo
lemon,https://www.youtube.com/watch?v=TJPWGtaYck8
leprosy,https://www.youtube.com/watch?v=caU2B9uGaHQ
letter,https://www.youtube.com/watch?v=2TWWa1g6VvU
library,https://www.youtube.com/watch?v=pKKOzlSwe5s
lie,https://www.youtube.com/watch?v=komib9v6w8M
light,https://www.youtube.com/watch?v=h6t30CfA1-s
light,https://www.youtube.com/watch?v=leXupPP6voo
lighthouse,https://www.youtube.com/watch?v=3cNab1LkBtQ
limit,https://www.youtube.com/watch?v=GPsBuydcd_o
lip,https://www.youtube.com/watch?v=pClXkKzZGKA
liquor,https://www.youtube.com/watch?v=6Q4DPpgKOr8
list,https://www.youtube.com/watch?v=cme9s_wOBoU
litre,https://www.youtube.com/watch?v=6Jhby7mtb-8
lizards,https://www.youtube.com/watch?v=xOqszZJTG5M
loan,https://www.youtube.com/watch?v=1QYrlzbNWFw
lock,https://www.youtube.com/watch?v=aj4l-iD42hw
logic,https://www.youtube.com/watch?v=62fNnPo1_-E
logo,https://www.youtube.com/watch?v=x_Hxi5Wg4Cg
lorry,https://www.youtube.com/watch?v=khE7v_2qpWU
lorry,https://www.youtube.com/watch?v=iFXcOsyt_dU
lose,https://www.youtube.com/watch?v=K-Q-tOjFczc
lose,https://www.youtube.com/watch?v=K_lS_k6hzC4
loss,https://www.youtube.com/watch?v=2KNjpXENZ1s
lucknow,https://www.youtube.com/watch?v=rPR9a5-vuGk
lunch,https://www.youtube.com/watch?v=fYcEgWTb6CU
machine,https://www.youtube.com/watch?v=r-IHGdJqzM4
madhyapradesh,https://www.youtube.com/watch?v=xW6HHSjrHYk
magnet,https://www.youtube.com/watch?v=5iXg4VUxJBs
maharshtra,https://www.youtube.com/watch?v=p5Kba58AuR8
malayalam,https://www.youtube.com/watch?v=zdI8h0tZkL0
man,https://www.youtube.com/watch?v=XuL60ULIasQ
manager,https://www.youtube.com/watch?v=-D0sH-GKtrs
manager,https://www.youtube.com/watch?v=qhXGg_Y83EY
manalternate,https://www.youtube.com/watch?v=neV7g0a0jCk
mango,https://www.youtube.com/watch?v=b0CB0bo-tp4
mango,https://www.youtube.com/watch?v=BCuz333L3VY
map,https://www.youtube.com/watch?v=ctGgu_EWBvA
marathi,https://www.youtube.com/watch?v=sY6cXbglev0
march,https://www.youtube.com/watch?v=_SsVLxszqug
march,https://www.youtube.com/watch?v=7taNdSoJtCE
market,https://www.youtube.com/watch?v=IB7nYD-Ls80
market,https://www.youtube.com/watch?v=9is6UIaSNz4
marriage,https://www.youtube.com/watch?v=psB8uoRP3dA
mary,https://www.youtube.com/watch?v=vPIT6d0N56U
masala,https://www.youtube.com/watch?v=jCkWFVxPUuQ
mason,https://www.youtube.com/watch?v=-cz6vQLiQB8
mat,https://www.youtube.com/watch?v=NEf03XOgVbk
matchbox,https://www.youtube.com/watch?v=eEeYL8OCn5k
mathematics,https://www.youtube.com/watch?v=wRMoSK7IpgI
matter,https://www.youtube.com/watch?v=h6iUQjAH9Vg
maximize,https://www.youtube.com/watch?v=QS3A8j27r7E
may,https://www.youtube.com/watch?v=U79Kt-WCAuI
may,https://www.youtube.com/watch?v=6SN5xL5HDAk
me,https://www.youtube.com/watch?v=87tdauFthys
measles,https://www.youtube.com/watch?v=ZKhUwKhUX3c
measure,https://www.youtube.com/watch?v=Q4sVy31w4DU
measurement,https://www.youtube.com/watch?v=IeuNn6kyU6Q
meat,https://www.youtube.com/watch?v=4yo4LUvY94Y
mechanic,https://www.youtube.com/watch?v=DRk6ud1nzpw
medicine,https://www.youtube.com/watch?v=ADJ6rdxnzuY
meditation,https://www.youtube.com/watch?v=xbfGdei5pb4
meeting,https://www.youtube.com/watch?v=M9GhRL4cxZE
meeting,https://www.youtube.com/watch?v=sC1jhlTGuns
memorize,https://www.youtube.com/watch?v=W2llMKvESqA
memory',https://www.youtube.com/watch?v=TVeGxNfxMOo
mention,https://www.youtube.com/watch?v=QYhPl8N9qYU
meter,https://www.youtube.com/watch?v=ZdVWlpkVUys
metro,https://www.youtube.com/watch?v=SFZ0kluyVBk
metro,https://www.youtube.com/watch?v=h2pxUVXMI3M
migrant,https://www.youtube.com/watch?v=79-z7qHuimc
mile,https://www.youtube.com/watch?v=5NHLhkL6z1M
milileter,https://www.youtube.com/watch?v=qJxlmq3qvi0
milk,https://www.youtube.com/watch?v=UYaGLvefc1Q
milk,https://www.youtube.com/watch?v=cilUjfIFU34
milkalternate,https://www.youtube.com/watch?v=VO1ZH9WpKj8
milkman,https://www.youtube.com/watch?v=PsDKddE4nrg
mime,https://www.youtube.com/watch?v=k_4K6L610_Y
minimize,https://www.youtube.com/watch?v=7Aur_45qWoI
minister,https://www.youtube.com/watch?v=QgAFGzba6ls
minute,https://www.youtube.com/watch?v=4J_5SSndWic
mirror,https://www.youtube.com/watch?v=dgn_eNoG-IM
mixture,https://www.youtube.com/watch?v=6FoeKzp5JNA
mobile,https://www.youtube.com/watch?v=P5dRayRT_wQ
mobile,https://www.youtube.com/watch?v=rN0RSlMcxfo
model,https://www.youtube.com/watch?v=4rwvgQAohM8
moment,https://www.youtube.com/watch?v=MbaTqIZ91wU
monday,https://www.youtube.com/watch?v=xDVTO8SF-F0
monday,https://www.youtube.com/watch?v=Z-8xXx6XO9g
money,https://www.youtube.com/watch?v=VTgE2fSDvKo
mosque,https://www.youtube.com/watch?v=zC_OFQl00h4
mosquito,https://www.youtube.com/watch?v=aNvn59kkuYU
most,https://www.youtube.com/watch?v=X2yfEb5g3B8
mother,https://www.youtube.com/watch?v=2Xt3uRuZUp0
mother,https://www.youtube.com/watch?v=zRR2Hnenwdo
motheralternate,https://www.youtube.com/watch?v=mgY34crb_iI
motivation,https://www.youtube.com/watch?v=_EDg49mjQd8
motor,https://www.youtube.com/watch?v=b0m0zD0L2NY
motorcycle,https://www.youtube.com/watch?v=YluScJtkqYU
motorcycle,https://www.youtube.com/watch?v=X8H9pKY_3jc
mouth,https://www.youtube.com/watch?v=DNX-XNh9ILk
move,https://www.youtube.com/watch?v=AgqW3GrYfYo
mud,https://www.youtube.com/watch?v=zyFxVyRj0to
muff,https://www.youtube.com/watch?v=o5fKzQ8DXUY
mug,https://www.youtube.com/watch?v=cJdnXL04Hn4
multiply,https://www.youtube.com/watch?v=_-T8S4n0DAo
mumbai,https://www.youtube.com/watch?v=uzQXmEt84Is
mumbs,https://www.youtube.com/watch?v=Z1nX5BIiRko
mumps,https://www.youtube.com/watch?v=L5xDBADg2lA
muslim,https://www.youtube.com/watch?v=efc2IHFXa-c
musuem,https://www.youtube.com/watch?v=Az5Ghs16knM
my,https://www.youtube.com/watch?v=keiTxXWLlik
myself,https://www.youtube.com/watch?v=CV80Jq4Bo9Y
mysore,https://www.youtube.com/watch?v=tWL1uyi7IuQ
nagpur,https://www.youtube.com/watch?v=7z8tYlutTOw
name,https://www.youtube.com/watch?v=PO823R7ERbE
name2,https://www.youtube.com/watch?v=8pMxTb0UsRs
naughty,https://www.youtube.com/watch?v=JpB7D7dawYM
near,https://www.youtube.com/watch?v=Mz5pq05NDGE
neck,https://www.youtube.com/watch?v=WpyFdH1MzGY
neighbour,https://www.youtube.com/watch?v=5x5X9pboq4A
network,https://www.youtube.com/watch?v=Z-NCaHK-p-0
never,https://www.youtube.com/watch?v=33SpUk6fTas
new,https://www.youtube.com/watch?v=tyIm0ub8keo
newspaper,https://www.youtube.com/watch?v=OH7CJ2rcz-o
newzealand,https://www.youtube.com/watch?v=cJukNZqmLMw
ngo,https://www.youtube.com/watch?v=uvG1wFayfD4
night,https://www.youtube.com/watch?v=BiXIRHIB3mE
noon,https://www.youtube.com/watch?v=gHlHIveyqxI
nose,https://www.youtube.com/watch?v=-LV6RB1verY
note,https://www.youtube.com/watch?v=PH60Pcmnsf8
now,https://www.youtube.com/watch?v=iCcAjT-bOv0
nurse,https://www.youtube.com/watch?v=XoOVvny--pE
nurse2,https://www.youtube.com/watch?v=KTmM_8Yjyy4
nut,https://www.youtube.com/watch?v=1JOyLtqWtXE
oath,https://www.youtube.com/watch?v=9mrT7EqIFw4
obedient,https://www.youtube.com/watch?v=wQ1HogAcG5o
obligation,https://www.youtube.com/watch?v=XG0FNQ2uZdE
obviously,https://www.youtube.com/watch?v=GZ1EK2IDuGQ
october,https://www.youtube.com/watch?v=W5N_6NYInZ8
october,https://www.youtube.com/watch?v=1j5BGwUQ5ig
of,https://www.youtube.com/watch?v=RApzw67A10U
office,https://www.youtube.com/watch?v=pJbw7oOFGsM
office,https://www.youtube.com/watch?v=32ab3G9EKPM
often,https://www.youtube.com/watch?v=4fQIjkC-Fo8
oil,https://www.youtube.com/watch?v=ndZln42vw1s
olympics,https://www.youtube.com/watch?v=Mhys5HHc0Nk
olympics,https://www.youtube.com/watch?v=zjCXFO6Y1Jg
on,https://www.youtube.com/watch?v=257gqAoGdhI
onwards,https://www.youtube.com/watch?v=9Ml_PGuE1Ao
ooty,https://www.youtube.com/watch?v=JpZvMqlzHaE
open,https://www.youtube.com/watch?v=9jeWHdS6e4c
open,https://www.youtube.com/watch?v=V5xa77k-B9A
open,https://www.youtube.com/watch?v=_y5tE8NZC3g
open,https://www.youtube.com/watch?v=s1RFcCMAPSc
operation,https://www.youtube.com/watch?v=ynJG2Aq81dU
opportunity,https://www.youtube.com/watch?v=gqNOIVZO9ec
orange,https://www.youtube.com/watch?v=gVpVIevcB3s
orange,https://www.youtube.com/watch?v=WtSwTpedM-I
orange,https://www.youtube.com/watch?v=z7cgpgTDTgY
order,https://www.youtube.com/watch?v=A1xAP01cUWk
organisation,https://www.youtube.com/watch?v=2_hZahhKe5k
oriya,https://www.youtube.com/watch?v=56rIR5QEBS4
os,https://www.youtube.com/watch?v=1N_3OT8dUGE
ought,https://www.youtube.com/watch?v=ae9SduhfL9w
our,https://www.youtube.com/watch?v=40Bckv426pc
ourselves,https://www.youtube.com/watch?v=L7OZsETUS9s
out,https://www.youtube.com/watch?v=lVCD5uZ5cBg
output,https://www.youtube.com/watch?v=d4QFRAVPG3w
over,https://www.youtube.com/watch?v=vWpaS8TEgj0
owl,https://www.youtube.com/watch?v=ixukWX2P8v0
owl,https://www.youtube.com/watch?v=CvlvuwE4E58
ox,https://www.youtube.com/watch?v=Mehj5jfHCdw
ox,https://www.youtube.com/watch?v=g0Pn-sLHMig
page,https://www.youtube.com/watch?v=CKtVkBtbcKc
pain,https://www.youtube.com/watch?v=MIeTC5l8kh0
paisa,https://www.youtube.com/watch?v=X_rN-qlv5lI
pakistan,https://www.youtube.com/watch?v=hz-6qUkf4pc
pakistan,https://www.youtube.com/watch?v=GBRH_ITphYs
pan,https://www.youtube.com/watch?v=Drb1Ev3TNE0
papaya,https://www.youtube.com/watch?v=5gQ3nzUJk2Y
papaya,https://www.youtube.com/watch?v=bo-ZSGyQqjo
paper,https://www.youtube.com/watch?v=kYweeecFhwg
pappad,https://www.youtube.com/watch?v=yzXOqepvZAY
parent,https://www.youtube.com/watch?v=sWgFltBnRX4
paris,https://www.youtube.com/watch?v=rGlaJbYsQTY
parliament,https://www.youtube.com/watch?v=zXE8LDamTME
parrot,https://www.youtube.com/watch?v=Fhl5nnundQg
parrot,https://www.youtube.com/watch?v=ITVNFDwW2VQ
parsi,https://www.youtube.com/watch?v=uG5tD1njNMo
party,https://www.youtube.com/watch?v=IQ7fkUU1oFg
paste,https://www.youtube.com/watch?v=9N9S4oqNNQ8
pateti,https://www.youtube.com/watch?v=X25R-65UVTc
patience,https://www.youtube.com/watch?v=4zNV02EixAQ
patna,https://www.youtube.com/watch?v=7bYq4SBsVGY
pc,https://www.youtube.com/watch?v=8vPtNGYI4QQ
peacock,https://www.youtube.com/watch?v=qnFB8D4bGO4
peacock,https://www.youtube.com/watch?v=BNM6MS7Dy_Y
peak,https://www.youtube.com/watch?v=wZFZyC_S1Vo
pen,https://www.youtube.com/watch?v=BPBjtucb5Sk
pencil,https://www.youtube.com/watch?v=OK6wvwj20Wk
peon,https://www.youtube.com/watch?v=ySFLaz6AJm8
pepper,https://www.youtube.com/watch?v=SJL8SiH0ylk
percentage,https://www.youtube.com/watch?v=ne67Jl2G8Nc
percentage,https://www.youtube.com/watch?v=y-AotR1t-FQ
perfect,https://www.youtube.com/watch?v=J88b-EFx29k
permissible,https://www.youtube.com/watch?v=lunwHwbCQnk
permit,https://www.youtube.com/watch?v=9djBR_JOLIc
person,https://www.youtube.com/watch?v=0HcAATbkt3I
pescription,https://www.youtube.com/watch?v=nle9SDgP8qM
pf,https://www.youtube.com/watch?v=dO3oEdbqBAg
photo,https://www.youtube.com/watch?v=73MYmEyr0Ak
picture,https://www.youtube.com/watch?v=k9HeX7Mrny0
pig,https://www.youtube.com/watch?v=mMBA7CuTEYc
pig,https://www.youtube.com/watch?v=QB4MUg5f9Qk
pillow,https://www.youtube.com/watch?v=fRFpIlEEZZw
pillow,https://www.youtube.com/watch?v=6pAB1VXPAvM
pilot,https://www.youtube.com/watch?v=NWqR9kzdWn0
pink,https://www.youtube.com/watch?v=CPAtQ65AKJI
pink,https://www.youtube.com/watch?v=q4UD7-Yc6K0
pizza,https://www.youtube.com/watch?v=VJ_iRj0baHk
planet,https://www.youtube.com/watch?v=CPSV_XvPPvw
plastic,https://www.youtube.com/watch?v=N1U2r-Y3EUs
plate,https://www.youtube.com/watch?v=kVAX4i6hEz4
plate,https://www.youtube.com/watch?v=eDjH___Q3aQ
pleasant,https://www.youtube.com/watch?v=M2rsEmMKvZk
pledge,https://www.youtube.com/watch?v=0tmuo2J1ye0
point,https://www.youtube.com/watch?v=8kSb44B0lu0
point,https://www.youtube.com/watch?v=NnBmNSiWtPg
poison1,https://www.youtube.com/watch?v=Nd2BipFXCZ4
poison2,https://www.youtube.com/watch?v=ZnzV0lzs6RY
police,https://www.youtube.com/watch?v=47dz9FwWwPM
police,https://www.youtube.com/watch?v=54NEbQb_b3Y
police,https://www.youtube.com/watch?v=8p_rSpRc3Ao
police2,https://www.youtube.com/watch?v=ulk5K0Z-a5E
political,https://www.youtube.com/watch?v=_nfd5AS6k0o
pomongrate,https://www.youtube.com/watch?v=0sHhVzCbw9U
pond,https://www.youtube.com/watch?v=UAD8AYGNsaQ
pongal,https://www.youtube.com/watch?v=4iNLC_F1BEg
poster,https://www.youtube.com/watch?v=rGXrMUPfqv0
postman,https://www.youtube.com/watch?v=ss6XV_3Y6kM
power,https://www.youtube.com/watch?v=e18G62u7GwE
powerpoint,https://www.youtube.com/watch?v=D6CkLxLsjYI
practice,https://www.youtube.com/watch?v=lqR3ltYiklU
practice,https://www.youtube.com/watch?v=l-wDm5TbBxU
pray,https://www.youtube.com/watch?v=T6E17N012jg
presentation,https://www.youtube.com/watch?v=CHWroLaUt0o
president,https://www.youtube.com/watch?v=z4v7sEgO6RE
president,https://www.youtube.com/watch?v=hMOf6_TRQHw
pressure,https://www.youtube.com/watch?v=PzoouaeeRT4
priest,https://www.youtube.com/watch?v=kysfoM-Caak
priest2,https://www.youtube.com/watch?v=a6HPpufkTPc
principal,https://www.youtube.com/watch?v=l_8ZEO65pZ4
principle,https://www.youtube.com/watch?v=ipi09PTSS00
print,https://www.youtube.com/watch?v=SQFQ8t-HfWg
proceed,https://www.youtube.com/watch?v=xStfeaQ5ktg
process,https://www.youtube.com/watch?v=Xt_YV0mSsy8
production,https://www.youtube.com/watch?v=pm64MC0-jrE
profession,https://www.youtube.com/watch?v=zAj4aYIrAL0
profit,https://www.youtube.com/watch?v=02MIcb-hcFY
program,https://www.youtube.com/watch?v=ad6Og67i7zA
pronoun,https://www.youtube.com/watch?v=cMm8I8sX6hA
proof,https://www.youtube.com/watch?v=ZqaZbXfHyu8
proof2,https://www.youtube.com/watch?v=6M_ZtPBNP8c
propaganda,https://www.youtube.com/watch?v=julMkRuBDm8
properly,https://www.youtube.com/watch?v=ZTOPit8cUmE
proud,https://www.youtube.com/watch?v=mad58EvpD9w
proud2,https://www.youtube.com/watch?v=xUddvXXv_QY
provide,https://www.youtube.com/watch?v=dPH_mh7nXbs
publishers,https://www.youtube.com/watch?v=gcI24f_0ydQ
puff,https://www.youtube.com/watch?v=kbVA4tiFhpI
puja,https://www.youtube.com/watch?v=MO2cIiKhUSA
punctual,https://www.youtube.com/watch?v=AhAnb_4df88
punctual,https://www.youtube.com/watch?v=SVp4G-QPrCk
pune,https://www.youtube.com/watch?v=BGrh6GOMBkU
punishment,https://www.youtube.com/watch?v=nCzGBxEMvbc
punjab,https://www.youtube.com/watch?v=ebMxz40GIU4
punjabi,https://www.youtube.com/watch?v=egQ8P-TvWpM
puri,https://www.youtube.com/watch?v=uQz-5n6h5go
pursue,https://www.youtube.com/watch?v=6UvI0yrnsrM
queen,https://www.youtube.com/watch?v=SHt7sNrZ4U8
quetions,https://www.youtube.com/watch?v=c8kKUR2HNHw
quote,https://www.youtube.com/watch?v=-4hzKN11Lks
quran,https://www.youtube.com/watch?v=Di_SqTYm-y8
rabbit,https://www.youtube.com/watch?v=m56cuzFW3sk
rabbit,https://www.youtube.com/watch?v=A3-sVuojrO0
race,https://www.youtube.com/watch?v=XpbNAtfBdAM
race,https://www.youtube.com/watch?v=cNG8qOeyvOo
ragging,https://www.youtube.com/watch?v=F-bRoMmSx0Q
railway,https://www.youtube.com/watch?v=1eoP2B8SGsw
railwaystation,https://www.youtube.com/watch?v=5GL7-qtYFTI
rain,https://www.youtube.com/watch?v=Byoi_Va8eko
rain2,https://www.youtube.com/watch?v=tmnaX51JBtg
rajasthan,https://www.youtube.com/watch?v=7UKQLdsjbwY
ram,https://www.youtube.com/watch?v=mvMPqdeU1Ac
ramzan,https://www.youtube.com/watch?v=EcmaxLncWQE
read,https://www.youtube.com/watch?v=083PLpQWdQk
realize,https://www.youtube.com/watch?v=a2SPOXY2u5U
really,https://www.youtube.com/watch?v=eRlDVS2F2Sw
recently,https://www.youtube.com/watch?v=Lu10nTOn9_I
recommend,https://www.youtube.com/watch?v=QhYH2omvlDQ
record,https://www.youtube.com/watch?v=R0mfGC9f9L0
recruitment,https://www.youtube.com/watch?v=K9ZSLSBYfXs
rectange,https://www.youtube.com/watch?v=frrBV4muU2g
recyclebin,https://www.youtube.com/watch?v=_cm-_bgKJ6k
red,https://www.youtube.com/watch?v=atfpShcnIHs
red,https://www.youtube.com/watch?v=Y9Htv1BOFJ0
refferal,https://www.youtube.com/watch?v=hQrH816AP4A
refridgerator,https://www.youtube.com/watch?v=M2Ibg-14dYA
refuse,https://www.youtube.com/watch?v=gcQRAWtZ9XE
relative,https://www.youtube.com/watch?v=wrZO3qXmEcA
relativealternate,https://www.youtube.com/watch?v=JpWJ0Ptvhfo
remind,https://www.youtube.com/watch?v=LZVpEJQc1BY
reminder,https://www.youtube.com/watch?v=FCkQrmiS8RY
rent,https://www.youtube.com/watch?v=PbdcgRVHfvc
reply,https://www.youtube.com/watch?v=drr0CqlpBno
reply2,https://www.youtube.com/watch?v=_dEFrxnNk5A
report,https://www.youtube.com/watch?v=iKbaQ5YUzbY
require,https://www.youtube.com/watch?v=-INpW8Glgyk
reservation,https://www.youtube.com/watch?v=RvMck-7623k
responsibilty,https://www.youtube.com/watch?v=sOCvQLGfICM
restart,https://www.youtube.com/watch?v=xePXpYH_NvI
restaurant,https://www.youtube.com/watch?v=RerNaxphqpE
result,https://www.youtube.com/watch?v=tylCQYlBuPs
revelation,https://www.youtube.com/watch?v=4xmDJxrfEF8
revision,https://www.youtube.com/watch?v=JN5w2yorSeM
revolve,https://www.youtube.com/watch?v=i45eNnTCWzY
rice,https://www.youtube.com/watch?v=dO6UxcWMmLk
rice1,https://www.youtube.com/watch?v=-QsrhX7wrR0
rickshaw,https://www.youtube.com/watch?v=IWjbZcM1vi0
rickshaw,https://www.youtube.com/watch?v=YXe3_qYOAZo
rid,https://www.youtube.com/watch?v=CW3yX7eKt2o
ridicule,https://www.youtube.com/watch?v=boCcl3aZKp0
riduculous,https://www.youtube.com/watch?v=39_gl9tJODo
right,https://www.youtube.com/watch?v=0ahwkWiezhU
riots,https://www.youtube.com/watch?v=dxVVc50sKkU
river,https://www.youtube.com/watch?v=gzBCilIzyIg
rock,https://www.youtube.com/watch?v=kmq-QApkdTI
rocket,https://www.youtube.com/watch?v=_yb7ae4lXMc
roof,https://www.youtube.com/watch?v=_KsRRz1WFjs
room,https://www.youtube.com/watch?v=2b-WStea9OI
rotate,https://www.youtube.com/watch?v=HQY93r7pRPA
rough,https://www.youtube.com/watch?v=nbWVIIJhg2I
round,https://www.youtube.com/watch?v=KjvjqpI_0V4
rubber,https://www.youtube.com/watch?v=MygjYTTR0Fk
rule,https://www.youtube.com/watch?v=bPRxvnlI7IU
ruler,https://www.youtube.com/watch?v=uXvFXFZxByM
run,https://www.youtube.com/watch?v=Tc9Fx9BpvJU
run,https://www.youtube.com/watch?v=aZ4KArwNr-A
run,https://www.youtube.com/watch?v=8Hph7ajdTWM
russia,https://www.youtube.com/watch?v=0JR7U93Zf1I
sad,https://www.youtube.com/watch?v=0zLeSGzAAdg
sailor,https://www.youtube.com/watch?v=Hw31UyDmvcc
saloon,https://www.youtube.com/watch?v=vY5CgZlWLIY
samosa,https://www.youtube.com/watch?v=0-EB5yQixsM
sample,https://www.youtube.com/watch?v=mSvKZAO4m1U
sandwitch,https://www.youtube.com/watch?v=Ed_MYWekQ1A
satisfy,https://www.youtube.com/watch?v=EYDY93U5KiY
saturday,https://www.youtube.com/watch?v=dOjNEJlcIrM
saturday,https://www.youtube.com/watch?v=cMSljrT6Qpg
scale,https://www.youtube.com/watch?v=w5b7W77OaCA
scan,https://www.youtube.com/watch?v=ToRGqWpjUis
school,https://www.youtube.com/watch?v=ppth-Ge7kjo
science,https://www.youtube.com/watch?v=GTLkJFTBYqE
scooter,https://www.youtube.com/watch?v=KdNZI9-5QLo
scooter,https://www.youtube.com/watch?v=EZtXEEM-CK0
screen,https://www.youtube.com/watch?v=OII0xzxj72k
screening,https://www.youtube.com/watch?v=aNZ5uMUm_pU
screenshot,https://www.youtube.com/watch?v=HPAePOiqgxA
sculpture,https://www.youtube.com/watch?v=XRH7qWOjuOs
search,https://www.youtube.com/watch?v=KT-Er4Y8Ykg
seat,https://www.youtube.com/watch?v=tbfuaRM4uJ0
see,https://www.youtube.com/watch?v=J-rEeFPhBpw
see,https://www.youtube.com/watch?v=NraoxCL3K4o
seized,https://www.youtube.com/watch?v=ETXlMne7uJs
self,https://www.youtube.com/watch?v=nqYRYiVlUaA
selfish,https://www.youtube.com/watch?v=Mk2RuIy5jZM
sell,https://www.youtube.com/watch?v=KkUjMoVqjRk
send,https://www.youtube.com/watch?v=g6ZBrtReG28
sentence,https://www.youtube.com/watch?v=u0Gsb7bJ4MA
september,https://www.youtube.com/watch?v=BmhE5SmigEk
september,https://www.youtube.com/watch?v=NmsgEWZe2I4
servant,https://www.youtube.com/watch?v=HovYA5zgJ2E
servant,https://www.youtube.com/watch?v=HjYnO6FhT7M
servant,https://www.youtube.com/watch?v=DJ03NkmGCfU
server,https://www.youtube.com/watch?v=89ApcFG7WEs
settings,https://www.youtube.com/watch?v=FtbiCJE8gQM
shame,https://www.youtube.com/watch?v=o_PsavVcUm4
sharbat,https://www.youtube.com/watch?v=EsbFondRm38
share,https://www.youtube.com/watch?v=ZaVpNDSO0Io
share,https://www.youtube.com/watch?v=uE2MEjmUoeE
sharpner,https://www.youtube.com/watch?v=0b88tISCCa0
she,https://www.youtube.com/watch?v=RmbfqAfVfwU
she2,https://www.youtube.com/watch?v=F0gyIBp8Zts
shine,https://www.youtube.com/watch?v=N2Qsig5KI34
ship,https://www.youtube.com/watch?v=Ozd2jQJeOy8
shiva,https://www.youtube.com/watch?v=TSVA8Ye0-HI
shock,https://www.youtube.com/watch?v=b2k0Nz0FJUE
shooting,https://www.youtube.com/watch?v=7PptKIVORUU
shop,https://www.youtube.com/watch?v=DNhQk3EE5AA
shop2,https://www.youtube.com/watch?v=jAI6_eqtEcI
shoulder,https://www.youtube.com/watch?v=Zr6vuf6uimg
shutdown,https://www.youtube.com/watch?v=NNxqIIWehSI
shy,https://www.youtube.com/watch?v=UoD9QJuVYrE
sick2,https://www.youtube.com/watch?v=bu9SQM4WAGs
sign,https://www.youtube.com/watch?v=74DKe3G2wwE
sign,https://www.youtube.com/watch?v=q40H_4dzJCE
sikh,https://www.youtube.com/watch?v=ZVTjssNAK1A
sikh2,https://www.youtube.com/watch?v=5jiT2uywHJk
silk,https://www.youtube.com/watch?v=LvVF4qkcnkE
silver,https://www.youtube.com/watch?v=Jw4ZIlMthc8
sim,https://www.youtube.com/watch?v=CMLCvvP6FJg
sim,https://www.youtube.com/watch?v=C2xlsfL4MZ4
sim,https://www.youtube.com/watch?v=8Uicu4br6HU
similar,https://www.youtube.com/watch?v=00Gvcxa1CsM
simla,https://www.youtube.com/watch?v=PojlVRtHcx0
sister,https://www.youtube.com/watch?v=-LKGPsF671c
sister,https://www.youtube.com/watch?v=2LObdvrFZKI
sisteralternate,https://www.youtube.com/watch?v=pMtQKR7vwFI
sitar,https://www.youtube.com/watch?v=ss_AQl1ROSU
size,https://www.youtube.com/watch?v=FWsTHZxyu6k
skin,https://www.youtube.com/watch?v=2xozCrL-Npw
sky,https://www.youtube.com/watch?v=jP-GatHJLOY
skype,https://www.youtube.com/watch?v=2qAfdm5HpOc
slip,https://www.youtube.com/watch?v=JwsBPojqBps
sly,https://www.youtube.com/watch?v=ydzzDfh-Mtk
sly,https://www.youtube.com/watch?v=pD1duqXMFcE
smallpox,https://www.youtube.com/watch?v=-QsD1V8L5Vk
smell,https://www.youtube.com/watch?v=_ifvC_yHQho
snake,https://www.youtube.com/watch?v=BkWT0eLhy5c
snow,https://www.youtube.com/watch?v=tYdEpiMOwko
soap,https://www.youtube.com/watch?v=T1VvNDyoqZA
soap,https://www.youtube.com/watch?v=hZFiq0AjPcc
social,https://www.youtube.com/watch?v=N9XETPo4jTc
society,https://www.youtube.com/watch?v=aFvTX9LLLWU
sofa,https://www.youtube.com/watch?v=EMruw_bnuK8
soldier,https://www.youtube.com/watch?v=ZKGFXH5_9rs
sometime,https://www.youtube.com/watch?v=VHoRJukQnPM
son,https://www.youtube.com/watch?v=4JBZlWRNbck
son,https://www.youtube.com/watch?v=e6-H-bNYf2E
sonalternate,https://www.youtube.com/watch?v=U2EJ98Mibng
sorry,https://www.youtube.com/watch?v=D4Y3auoqgbU
soul,https://www.youtube.com/watch?v=OJrubXCsYpM
southafrica,https://www.youtube.com/watch?v=WwFW_AaZAbA
southafrica,https://www.youtube.com/watch?v=YUNBsuPptlY
special,https://www.youtube.com/watch?v=_kOvWLrewCk
specific,https://www.youtube.com/watch?v=c26IZL5It5s
speechtherapist,https://www.youtube.com/watch?v=7kdy5DSdf7I
sphere,https://www.youtube.com/watch?v=MwbagRQqbhU
spider,https://www.youtube.com/watch?v=KxoVNoylxJI
splendid,https://www.youtube.com/watch?v=Erx4GycfiSA
spoon,https://www.youtube.com/watch?v=EmjIip4kqmw
sports,https://www.youtube.com/watch?v=mRUp3N04Qmc
sports,https://www.youtube.com/watch?v=RnjMw8TgUhg
square,https://www.youtube.com/watch?v=MclXQcPpIU4
sr,https://www.youtube.com/watch?v=r8-TrqZlFvo
staff,https://www.youtube.com/watch?v=s1batLWOfKo
stage,https://www.youtube.com/watch?v=DuGC-tzhkX0
stamp,https://www.youtube.com/watch?v=dyDUt7xSYZ8
stand,https://www.youtube.com/watch?v=IW4V52UMADg
stare,https://www.youtube.com/watch?v=osVemN4d4hg
stars,https://www.youtube.com/watch?v=vjjxznte5Mc
start,https://www.youtube.com/watch?v=IP3_SBOIJwI
start,https://www.youtube.com/watch?v=0N2O2b4PYYg
std,https://www.youtube.com/watch?v=3Gao00FBTpQ
steal,https://www.youtube.com/watch?v=1ZhnU2CTLRs
steel,https://www.youtube.com/watch?v=1BsbkH3KCN8
storm,https://www.youtube.com/watch?v=wUha8mxjBYs
story,https://www.youtube.com/watch?v=q_UrWTFMdw8
stove,https://www.youtube.com/watch?v=pwuHJdZVhcE
strange,https://www.youtube.com/watch?v=iybAps5t2yw
strike,https://www.youtube.com/watch?v=MzN58HVF7go
student,https://www.youtube.com/watch?v=g5pg0db-ITI
study,https://www.youtube.com/watch?v=Kfj1GtoAcB0
stupid,https://www.youtube.com/watch?v=Erohtljl05M
submit,https://www.youtube.com/watch?v=YgAgUA4lEJo
subtract,https://www.youtube.com/watch?v=xvHcuttmAgA
such,https://www.youtube.com/watch?v=Wwpn-9a_oG8
sugar2,https://www.youtube.com/watch?v=pBbiHf3UaYQ
sugarcane,https://www.youtube.com/watch?v=Y4qGpx0s8IU
sugarcane,https://www.youtube.com/watch?v=eaVBp9DROYg
suggest,https://www.youtube.com/watch?v=B--hcW3G5Qk
suit,https://www.youtube.com/watch?v=mMofNnhfRdM
sun,https://www.youtube.com/watch?v=8nAv2qWRSko
sun,https://www.youtube.com/watch?v=D7MfbFZt8p8
sunday,https://www.youtube.com/watch?v=_j71JfZ0wXU
sunday,https://www.youtube.com/watch?v=3oIS62U0fDQ
sundry,https://www.youtube.com/watch?v=I4540QPI4hA
sunrise,https://www.youtube.com/watch?v=5D-3bVFvpVg
sunset,https://www.youtube.com/watch?v=hITggR9lobQ
surat,https://www.youtube.com/watch?v=6QSBY0p_qcw
surgeon,https://www.youtube.com/watch?v=XN6pdhZgutE
surname,https://www.youtube.com/watch?v=cbSEKltDaJg
swallow,https://www.youtube.com/watch?v=xNqk14OtORA
sweat,https://www.youtube.com/watch?v=oU1toOgRJ1Q
sweet,https://www.youtube.com/watch?v=MI6qxGaFjSg
sweetlime,https://www.youtube.com/watch?v=-DVwuWzOp5g
synthesis,https://www.youtube.com/watch?v=ur_a9Hcf0js
t,https://www.youtube.com/watch?v=BT8zxuWSMT4
tabala,https://www.youtube.com/watch?v=ZEU4pEVZhL0
table,https://www.youtube.com/watch?v=3vj56d_n2q4
table,https://www.youtube.com/watch?v=puIQTtitmJM
table,https://www.youtube.com/watch?v=xRsseo3k9gU
tablet,https://www.youtube.com/watch?v=cM0qeybtLcQ
talk,https://www.youtube.com/watch?v=o0-NNpP140M
tamarind,https://www.youtube.com/watch?v=qdsUvZ82yiE
tamarind,https://www.youtube.com/watch?v=_FujPy5uUxA
tamil,https://www.youtube.com/watch?v=Rsj9w2R1Fag
tamilnadu,https://www.youtube.com/watch?v=zIKvxh4FlU0
tamilnadu2,https://www.youtube.com/watch?v=vFEtyIRwxRw
taste,https://www.youtube.com/watch?v=YhNT0Uz4c3Y
tax,https://www.youtube.com/watch?v=43gYtDDTlmg
taxi,https://www.youtube.com/watch?v=FxoR-4f0ae8
tea,https://www.youtube.com/watch?v=o8rKMXvBy_4
tea,https://www.youtube.com/watch?v=hVx1XCpS34k
teacher,https://www.youtube.com/watch?v=UMCJBqNW4FU
teacher,https://www.youtube.com/watch?v=SQv_gGuqeks
teacher,https://www.youtube.com/watch?v=hK6WDjjQ7G0
team,https://www.youtube.com/watch?v=PVTLnGdqbEU
team',https://www.youtube.com/watch?v=TWypimG5h3o
tease,https://www.youtube.com/watch?v=lhhfBJhn804
technical,https://www.youtube.com/watch?v=nd_ksEqCn7U
teeth,https://www.youtube.com/watch?v=FtD03_Gidvc
telegram,https://www.youtube.com/watch?v=8jOWq8pIoUs
telephone,https://www.youtube.com/watch?v=4fe-y_JsO28
telephone,https://www.youtube.com/watch?v=e_9vFCtMsUM
telephone,https://www.youtube.com/watch?v=9kNGWftU9yg
telugu,https://www.youtube.com/watch?v=R5nlkqYrtog
temperature,https://www.youtube.com/watch?v=Df0_b5eW_pA
temple,https://www.youtube.com/watch?v=y6YausOZZl0
tennis,https://www.youtube.com/watch?v=y0pb4kyuUnA
tennis,https://www.youtube.com/watch?v=tndYCPHePyc
terrace,https://www.youtube.com/watch?v=vqpDwwwnAzI
that,https://www.youtube.com/watch?v=fpH8MuQ1sj4
their,https://www.youtube.com/watch?v=LPX3Wm6AxM4
them,https://www.youtube.com/watch?v=22cK0YHFrPY
themselves,https://www.youtube.com/watch?v=Dj2Jv3yMIfg
then,https://www.youtube.com/watch?v=uxftP-Rb7gU
there,https://www.youtube.com/watch?v=mtJST8AkTnA
thermometer,https://www.youtube.com/watch?v=oZ1fBl71QaE
these,https://www.youtube.com/watch?v=k1jdrN_YtBc
they,https://www.youtube.com/watch?v=udBzQ-zGM3o
thief,https://www.youtube.com/watch?v=ZmkAuGdpBps
things,https://www.youtube.com/watch?v=fy8Cc0_Y-2U
this,https://www.youtube.com/watch?v=wmuhbiCBoUY
thrilled,https://www.youtube.com/watch?v=uTpHDgXAdYc
through,https://www.youtube.com/watch?v=ms_Zqa18jK0
throw,https://www.youtube.com/watch?v=ewCcCs75bQA
thunder,https://www.youtube.com/watch?v=SQRtC821JQ4
thursday,https://www.youtube.com/watch?v=cNBMRBoXBM4
ticket,https://www.youtube.com/watch?v=EdNQW9wXQZg
tidy,https://www.youtube.com/watch?v=gqo1h3rYJNU
till,https://www.youtube.com/watch?v=1nto48TU1JM
time,https://www.youtube.com/watch?v=yokqfBIxqyU
to,https://www.youtube.com/watch?v=xZYtL-6jKaE
toast,https://www.youtube.com/watch?v=JOYxq08wK5Y
today,https://www.youtube.com/watch?v=bQKNK63OuzE
toes,https://www.youtube.com/watch?v=_SToaAt74YU
toilet,https://www.youtube.com/watch?v=TpE2-BUi2Hc
tommorow,https://www.youtube.com/watch?v=BAT1BG_Yxjg
tongs,https://www.youtube.com/watch?v=3z_GDqvt45w
tongue,https://www.youtube.com/watch?v=uzey1y2y7UI
toothbrush,https://www.youtube.com/watch?v=PF8OZ-W3DYQ
toothpaste,https://www.youtube.com/watch?v=224vmoZ7waA
topic,https://www.youtube.com/watch?v=ZgRnFckWmJo
torch,https://www.youtube.com/watch?v=ZafbZbvPa_A
towards,https://www.youtube.com/watch?v=AI2-4JBmNkw
towards,https://www.youtube.com/watch?v=e7CwAxdQvkQ
towards,https://www.youtube.com/watch?v=iM-20Tqf_68
towel,https://www.youtube.com/watch?v=P_RIco84NtA
train,https://www.youtube.com/watch?v=u-EoRx5iCVQ
transport,https://www.youtube.com/watch?v=JfBi9YZhS2k
treasurer,https://www.youtube.com/watch?v=OBkzpo2ZNhA
treated,https://www.youtube.com/watch?v=NQi9TqPCukw
triangle,https://www.youtube.com/watch?v=OOzdPzSb-Dc
trivendrum,https://www.youtube.com/watch?v=aOl7m4FBIKw
trophy,https://www.youtube.com/watch?v=i2FVr3fjFTs
trophy,https://www.youtube.com/watch?v=r2Tccxvx_Dk
trouble,https://www.youtube.com/watch?v=KNtayLTFk0I
truck,https://www.youtube.com/watch?v=17QaVOhQ7-s
tubelight,https://www.youtube.com/watch?v=SRWOWZNfDeE
tuesday,https://www.youtube.com/watch?v=VEt-v3Ze_uo
twin,https://www.youtube.com/watch?v=IsKugpEYa-c
typist,https://www.youtube.com/watch?v=GJib9QAPPME
typwriter,https://www.youtube.com/watch?v=NRsOqRjJM8A
umbrella,https://www.youtube.com/watch?v=41ByOHKNxbU
under,https://www.youtube.com/watch?v=T2YEHECyVck
under,https://www.youtube.com/watch?v=D-QN3oAa-D4
underline,https://www.youtube.com/watch?v=13xrkeUY9Aw
understand,https://www.youtube.com/watch?v=AoEK_80sDTE
understand,https://www.youtube.com/watch?v=ueCMsk5c8Lg
understand2,https://www.youtube.com/watch?v=iqDide_xkz8
understimate,https://www.youtube.com/watch?v=Q6uPoFEJ0-c
undulated,https://www.youtube.com/watch?v=S7ZmSgLMNis
unfortunately,https://www.youtube.com/watch?v=Jirbohio56I
uniform,https://www.youtube.com/watch?v=oVLAhMUcSTI
unitedkingdom,https://www.youtube.com/watch?v=0jrEE3uvmsY
university,https://www.youtube.com/watch?v=cb-Qn_OXXS4
unlimited,https://www.youtube.com/watch?v=VpLFr796F1U
until,https://www.youtube.com/watch?v=PUlRZQWa-m8
until,https://www.youtube.com/watch?v=UVm8Af7-n9k
up,https://www.youtube.com/watch?v=3-pkRE6bvpI
up,https://www.youtube.com/watch?v=-4MAWuxQhfQ
urdu,https://www.youtube.com/watch?v=YEYqr0ZZHpY
us,https://www.youtube.com/watch?v=OjBCeZW8v78
usa,https://www.youtube.com/watch?v=QuD34XqSLsE
usa,https://www.youtube.com/watch?v=xPoXAFV6lgg
usually,https://www.youtube.com/watch?v=2-SK2WXqbak
vacancy,https://www.youtube.com/watch?v=vNfach2_Unc
vada,https://www.youtube.com/watch?v=hxWDVqN3fm8
van,https://www.youtube.com/watch?v=Oz6fKl7BoAk
van1,https://www.youtube.com/watch?v=srh24c6zASo
vapour,https://www.youtube.com/watch?v=zpskg1Vm7v8
vehicles,https://www.youtube.com/watch?v=JBl_W7ROtXI
vessel,https://www.youtube.com/watch?v=A12C4L1y_IQ
viceroy,https://www.youtube.com/watch?v=7UoIdN1LeJ8
violet,https://www.youtube.com/watch?v=kdtoxNqxRdQ
volleyball,https://www.youtube.com/watch?v=9KAoQmypxQY
volleyball,https://www.youtube.com/watch?v=jqgrb3bM7RU
vote,https://www.youtube.com/watch?v=1cl6LDcZLRI
waist,https://www.youtube.com/watch?v=Rdqrb8eKDSk
walk,https://www.youtube.com/watch?v=G3T29xFMOpE
washbasin,https://www.youtube.com/watch?v=kzwMwyLk5l0
watch,https://www.youtube.com/watch?v=DB14VhaM-hI
water,https://www.youtube.com/watch?v=RpFNp3vyqYw
water,https://www.youtube.com/watch?v=1ZWTOPsJfYQ
water,https://www.youtube.com/watch?v=J5rN5Anf8-8
waterfall,https://www.youtube.com/watch?v=F9nKlSkhTMk
watermelon,https://www.youtube.com/watch?v=hCQwVryqlLk
waves,https://www.youtube.com/watch?v=LFmaovX2phU
way,https://www.youtube.com/watch?v=KOHv1hNB0eI
we,https://www.youtube.com/watch?v=FUe_a6BZ4iw
wedding,https://www.youtube.com/watch?v=wO5cdIh79e0
weddingalternate,https://www.youtube.com/watch?v=1LuvgTo4WOo
wednesday,https://www.youtube.com/watch?v=ozGMtBw46DA
week,https://www.youtube.com/watch?v=BA0_ZqgIOYk
weight,https://www.youtube.com/watch?v=2zOuz3fcuAg
welcome,https://www.youtube.com/watch?v=jrqzgSeHK8o
welfare,https://www.youtube.com/watch?v=z9W9eV5DL7U
west,https://www.youtube.com/watch?v=vUZ0UNI8hMU
what,https://www.youtube.com/watch?v=QKU7FhrDidE
whatsapp,https://www.youtube.com/watch?v=Z_kqFNbrtkg
whatsapp,https://www.youtube.com/watch?v=T_-hZ-tKx1c
wheat,https://www.youtube.com/watch?v=F1M-zpjyMGs
wheat1,https://www.youtube.com/watch?v=lUyxC6IFzZs
when,https://www.youtube.com/watch?v=x7hPMF-ARmY
where,https://www.youtube.com/watch?v=Mv3ydrCEy_c
whether,https://www.youtube.com/watch?v=4wlq7Ug3NQU
which,https://www.youtube.com/watch?v=S4cDGk-t4c8
which,https://www.youtube.com/watch?v=gR2lEy5Rb8I
while,https://www.youtube.com/watch?v=88TlGJtd8FM
whistle,https://www.youtube.com/watch?v=i24VowrKgms
white,https://www.youtube.com/watch?v=T9Qtgn9R_3Y
who,https://www.youtube.com/watch?v=mzvztWrCk7g
whoes,https://www.youtube.com/watch?v=BhWAHrhp-Ps
whoes,https://www.youtube.com/watch?v=CN3aavYF4Ag
whom,https://www.youtube.com/watch?v=MuJLZ12T_uE
why,https://www.youtube.com/watch?v=0zUVh5VJhUA
wife,https://www.youtube.com/watch?v=AUu1GJYbfFE
wifealternate,https://www.youtube.com/watch?v=RIP3LZh4INc
wifealternate2,https://www.youtube.com/watch?v=DrLJWIQbbfg
wifi,https://www.youtube.com/watch?v=YHoox1USVuo
win,https://www.youtube.com/watch?v=kc69dMRCxm8
win,https://www.youtube.com/watch?v=IZzEuRDsNR8
wind,https://www.youtube.com/watch?v=IM-yfahCEg8
window,https://www.youtube.com/watch?v=oHyVGXYZNrk
wink,https://www.youtube.com/watch?v=2vyAOYLG3Hc
with,https://www.youtube.com/watch?v=yh6CPylDTEg
with,https://www.youtube.com/watch?v=9ASSGb0VwXo
without,https://www.youtube.com/watch?v=OW_Ga8nNp4o
without,https://www.youtube.com/watch?v=Pb34f6NY4-s
woman,https://www.youtube.com/watch?v=IBSDT2EWyRU
womenalternate,https://www.youtube.com/watch?v=hTXeXoSBdFw
wood,https://www.youtube.com/watch?v=MdMqYZwlcN0
wool,https://www.youtube.com/watch?v=IwofMTsLHlM
word,https://www.youtube.com/watch?v=OhOAVEOCExk
work,https://www.youtube.com/watch?v=78pxhM2pn10
world,https://www.youtube.com/watch?v=TstaMBKTFBg
worth,https://www.youtube.com/watch?v=02TvxeweyBE
wound,https://www.youtube.com/watch?v=237zCRzYRzs
wrestling,https://www.youtube.com/watch?v=Xx3141EiNUo
wrestling,https://www.youtube.com/watch?v=IzOaC4Vmffs
write,https://www.youtube.com/watch?v=lWTp8AzbAEI
wrong,https://www.youtube.com/watch?v=fMtDN7SKGvo
year,https://www.youtube.com/watch?v=b2NX42Y-Qd8
yellow,https://www.youtube.com/watch?v=TR5_TFtQiZg
yesterday,https://www.youtube.com/watch?v=3QijgH3g4wg
you,https://www.youtube.com/watch?v=eDTFdN-pq0Y
your,https://www.youtube.com/watch?v=ul9NMeuhnWM
yoursellf,https://www.youtube.com/watch?v=fxfdjGMd2M4
youtube,https://www.youtube.com/watch?v=e90g8JR1BZE
youtube,https://www.youtube.com/watch?v=amPn2YZBU48
zoo,https://www.youtube.com/watch?v=ENoDix1-NF4
zoomin,https://www.youtube.com/watch?v=U4MCpesjT5Y
zoomout,https://www.youtube.com/watch?v=tqyZYA9H7ss
FALSE,https://www.youtube.com/watch?v=Pv6-4Bm_884
