early,https://www.youtube.com/watch?v=h9orLN33LF0
early,https://www.youtube.com/watch?v=ouIli9fs5Pg
earth,https://www.youtube.com/watch?v=71YTFCoSMSc
earthquake,https://www.youtube.com/watch?v=zszn5WQvaOw
east,https://www.youtube.com/watch?v=_1pk8wb-BxY
easter,https://www.youtube.com/watch?v=1U1ned0z8eI
easy,https://www.youtube.com/watch?v=17sDOtNMlzc
eat,https://www.youtube.com/watch?v=1Qo5OReFqZU
eclipse,https://www.youtube.com/watch?v=yAiv0fdQGh4
edit,https://www.youtube.com/watch?v=qVDDjkwk6mU
education,https://www.youtube.com/watch?v=vm3xZQgBKAs
effect,https://www.youtube.com/watch?v=L_HEJjKGRwg
effort,https://www.youtube.com/watch?v=G1HA_EWkrfA
elbow,https://www.youtube.com/watch?v=7PfuT5-6A9U
election,https://www.youtube.com/watch?v=SgZTQNffX_k
election,https://www.youtube.com/watch?v=ui8N90b3JRg
electric,https://www.youtube.com/watch?v=POjaHJixUGo
electrician,https://www.youtube.com/watch?v=X1JbJ14eyZA
electrician,https://www.youtube.com/watch?v=185XgojPBn4
elephant,https://www.youtube.com/watch?v=dbEa_SIIXB4
elephant,https://www.youtube.com/watch?v=T3zx8WoURNM
email,https://www.youtube.com/watch?v=7_QOlLg70fI
email,https://www.youtube.com/watch?v=0HzCJaEjkNM
embed,https://www.youtube.com/watch?v=cX8nAmuCXKo
emotion,https://www.youtube.com/watch?v=lcNT_VGxKG4
emphasize,https://www.youtube.com/watch?v=5Wq6EdNL1zg
encourage,https://www.youtube.com/watch?v=xpChKXL5qUE
enemy,https://www.youtube.com/watch?v=zv_gskE1JHI
energy,https://www.youtube.com/watch?v=KC6SfnFWMDM
engagement,https://www.youtube.com/watch?v=ewHWYqZmW1s
engine,https://www.youtube.com/watch?v=iKWFLpLLppQ
engineer,https://www.youtube.com/watch?v=aMWRjkF9wPc
england,https://www.youtube.com/watch?v=pk2fznGwsh0
enjoy,https://www.youtube.com/watch?v=uXIzla5JXbk
enjoyable,https://www.youtube.com/watch?v=itKbIpK60iY
entertainment,https://www.youtube.com/watch?v=zLvKmLMhoKc
envelop,https://www.youtube.com/watch?v=J2NfaQGpSb8
equater,https://www.youtube.com/watch?v=-ors6nf6E20
equipment,https://www.youtube.com/watch?v=4OoCyHPYiDY
eraser,https://www.youtube.com/watch?v=8dyM_R1B3Ug
eraser,https://www.youtube.com/watch?v=T3NF3FWKkKQ
escalate,https://www.youtube.com/watch?v=sXCWY_PW1-E
essay,https://www.youtube.com/watch?v=HjeJE7uTQ-Y
essay2,https://www.youtube.com/watch?v=lT0UXl8FbhA
estimate,https://www.youtube.com/watch?v=ugmBtWe41uY
europe,https://www.youtube.com/watch?v=EF1G4PSpLrI
evaluate,https://www.youtube.com/watch?v=2yP_u7dKRN0
evidence,https://www.youtube.com/watch?v=aRca-h1s0js
examination,https://www.youtube.com/watch?v=30p5wcNDMXk
example,https://www.youtube.com/watch?v=hiRy04LEMjU
exercise,https://www.youtube.com/watch?v=YxwdWXL0Idg
experiement,https://www.youtube.com/watch?v=LHgxhKvgM5Q
experience,https://www.youtube.com/watch?v=jUd_518wKiM
explain,https://www.youtube.com/watch?v=mjqPut1TXik
export,https://www.youtube.com/watch?v=IN-tY37Fnc0
eye,https://www.youtube.com/watch?v=HxSgCr_I7Js
