face,https://www.youtube.com/watch?v=S6cfpei8Qac
facebook,https://www.youtube.com/watch?v=B_WDdwCB8lg
facebook,https://www.youtube.com/watch?v=SE5raaUnrzo
factory,https://www.youtube.com/watch?v=1rW2XRl8azQ
fake,https://www.youtube.com/watch?v=zdyNf7BbWdY
famous,https://www.youtube.com/watch?v=zALiA5C3ZH4
fan,https://www.youtube.com/watch?v=wJ3iFmRmkuo
fan,https://www.youtube.com/watch?v=uWHsdXsSKhA
far,https://www.youtube.com/watch?v=NBOp2UxAe44
far2,https://www.youtube.com/watch?v=oypgQW3VLBc
farewell,https://www.youtube.com/watch?v=S10mA7QycUI
farmer,https://www.youtube.com/watch?v=de6yYoc9fI8
fate,https://www.youtube.com/watch?v=5rj8VBKyaWc
father,https://www.youtube.com/watch?v=ZITjMAfmspI
father,https://www.youtube.com/watch?v=Q0D-6GSQViY
fatheralternate,https://www.youtube.com/watch?v=iVsS1uob_fU
fax,https://www.youtube.com/watch?v=FqAijBA2e-g
fear,https://www.youtube.com/watch?v=vp8n1Tmt-9Y
fear,https://www.youtube.com/watch?v=WZFX4851KEw
february,https://www.youtube.com/watch?v=PeO2piZaW1c
february,https://www.youtube.com/watch?v=TPUSGgIDvNA
festivals,https://www.youtube.com/watch?v=A29ilYEb-vU
file,https://www.youtube.com/watch?v=e9zJ5UWeRg0
file,https://www.youtube.com/watch?v=ch4nKcGs4FU
file,https://www.youtube.com/watch?v=HJa5YxpBmPk
file,https://www.youtube.com/watch?v=Mo9y6kc9C_0
film,https://www.youtube.com/watch?v=caXhHqJjGCE
finance,https://www.youtube.com/watch?v=qMbqUNqPoT4
fingers,https://www.youtube.com/watch?v=wYfv4WDIz1Y
fire,https://www.youtube.com/watch?v=_zJdtT4RKL8
fisherman,https://www.youtube.com/watch?v=YWFEMNpbBpE
flag,https://www.youtube.com/watch?v=aB5IvN-El30
flood,https://www.youtube.com/watch?v=cdldOaUJWPo
floor,https://www.youtube.com/watch?v=k566H3F4nMI
flute,https://www.youtube.com/watch?v=0JXwQ7_SqHI
focus,https://www.youtube.com/watch?v=4oOCBKM4BkA
focus,https://www.youtube.com/watch?v=ck3F866TPFk
folder,https://www.youtube.com/watch?v=6-tx-gNm49U
food,https://www.youtube.com/watch?v=Vc0BSkMoTp8
food,https://www.youtube.com/watch?v=JDY61Ns9Fis
fool,https://www.youtube.com/watch?v=UR1Y-sGr8uQ
foolish,https://www.youtube.com/watch?v=y0N11BdMvdA
foot,https://www.youtube.com/watch?v=I9j97PpToNM
foot,https://www.youtube.com/watch?v=u30qlJ1gPSU
footpath,https://www.youtube.com/watch?v=oCfTjm0g2Xg
forehead,https://www.youtube.com/watch?v=fXst_adIJmg
foreign,https://www.youtube.com/watch?v=mnGHFS_zrv4
format,https://www.youtube.com/watch?v=2_NSe3Z-K4Y
forward,https://www.youtube.com/watch?v=LDFXwTsFwJQ
forward,https://www.youtube.com/watch?v=tdgNnHBy21g
foundation,https://www.youtube.com/watch?v=Rv73rvyNZSE
fox,https://www.youtube.com/watch?v=yIzk5XawooE
fox,https://www.youtube.com/watch?v=fiOz6aqViRc
france,https://www.youtube.com/watch?v=3H2iBzhfLMc
friday,https://www.youtube.com/watch?v=KlS5_rtmCRI
friday,https://www.youtube.com/watch?v=1di4Uzc8c-0
friend,https://www.youtube.com/watch?v=VHgo9QOpKuI
friend,https://www.youtube.com/watch?v=Xjb8eJd6PTA
friendalternate,https://www.youtube.com/watch?v=l2PJcgMoR1E
frighten,https://www.youtube.com/watch?v=DnO87KpilSs
from,https://www.youtube.com/watch?v=95V5uxMjvh4
fruits,https://www.youtube.com/watch?v=I8fC5SiTuZk
fullmoon,https://www.youtube.com/watch?v=aXcpnNeEa_s
funeral,https://www.youtube.com/watch?v=yOjOSUHFbVY
funny,https://www.youtube.com/watch?v=P5Yc33PMS2E
further,https://www.youtube.com/watch?v=B2msSzk6RN4
future,https://www.youtube.com/watch?v=KFpf58yB9B8
