account,https://www.youtube.com/watch?v=ZwPw3Z7ZMuo
accountant,https://www.youtube.com/watch?v=Pq6TvQwLtRo
architect,https://www.youtube.com/watch?v=JCnN9UApaEI
boss,https://www.youtube.com/watch?v=IFE1WYFKKTM
close,https://www.youtube.com/watch?v=LwPjn84Ssio
cancel,https://www.youtube.com/watch?v=A8G2_4ZROL0
business,https://www.youtube.com/watch?v=JCk8gC02aEQ
early,https://www.youtube.com/watch?v=h9orLN33LF0
email,https://www.youtube.com/watch?v=7_QOlLg70fI
facebook,https://www.youtube.com/watch?v=B_WDdwCB8lg
file,https://www.youtube.com/watch?v=e9zJ5UWeRg0
focus,https://www.youtube.com/watch?v=4oOCBKM4BkA
gmail,https://www.youtube.com/watch?v=Po7WURkkrO8
internet,https://www.youtube.com/watch?v=_3XLkV6Yupw
late,https://www.youtube.com/watch?v=deLfvn75OVw
leave,https://www.youtube.com/watch?v=4c5M09hGZPM
manager,https://www.youtube.com/watch?v=-D0sH-GKtrs
market,https://www.youtube.com/watch?v=IB7nYD-Ls80
meeting,https://www.youtube.com/watch?v=M9GhRL4cxZE
mobile,https://www.youtube.com/watch?v=P5dRayRT_wQ
office,https://www.youtube.com/watch?v=pJbw7oOFGsM
open,https://www.youtube.com/watch?v=9jeWHdS6e4c
police,https://www.youtube.com/watch?v=47dz9FwWwPM
servant,https://www.youtube.com/watch?v=HovYA5zgJ2E
practice,https://www.youtube.com/watch?v=lqR3ltYiklU
sign,https://www.youtube.com/watch?v=74DKe3G2wwE
sim,https://www.youtube.com/watch?v=CMLCvvP6FJg
start,https://www.youtube.com/watch?v=IP3_SBOIJwI
teacher,https://www.youtube.com/watch?v=UMCJBqNW4FU
telephone,https://www.youtube.com/watch?v=4fe-y_JsO28
typwriter,https://www.youtube.com/watch?v=NRsOqRjJM8A
whatsapp,https://www.youtube.com/watch?v=Z_kqFNbrtkg
work,https://www.youtube.com/watch?v=78pxhM2pn10
youtube,https://www.youtube.com/watch?v=e90g8JR1BZE
bitter,https://www.youtube.com/watch?v=myhOYE0rn9o
wrestling,https://www.youtube.com/watch?v=Xx3141EiNUo
win,https://www.youtube.com/watch?v=kc69dMRCxm8
volleyball,https://www.youtube.com/watch?v=9KAoQmypxQY
trophy,https://www.youtube.com/watch?v=i2FVr3fjFTs
sweet,https://www.youtube.com/watch?v=MI6qxGaFjSg
taste,https://www.youtube.com/watch?v=YhNT0Uz4c3Y
axe,https://www.youtube.com/watch?v=T3ifNk7HXpw
bolt,https://www.youtube.com/watch?v=tUmbjQ4rvAU
hammer,https://www.youtube.com/watch?v=zwVZnADzeT8
ladder,https://www.youtube.com/watch?v=wgX9WWelbDg
machine,https://www.youtube.com/watch?v=r-IHGdJqzM4
motor,https://www.youtube.com/watch?v=b0m0zD0L2NY
nut,https://www.youtube.com/watch?v=1JOyLtqWtXE
accident,https://www.youtube.com/watch?v=Jw9qIeda2uQ
auto,https://www.youtube.com/watch?v=Up3o9znSl84
boat,https://www.youtube.com/watch?v=_kqf1kULLsw
bus,https://www.youtube.com/watch?v=8ZGooTDhXHc
car,https://www.youtube.com/watch?v=PdXvhBx375Q
cycle,https://www.youtube.com/watch?v=UZLYQHg5fEw
footpath,https://www.youtube.com/watch?v=oCfTjm0g2Xg
jeep,https://www.youtube.com/watch?v=RyjFLqzSBSQ
lorry,https://www.youtube.com/watch?v=khE7v_2qpWU
metro,https://www.youtube.com/watch?v=SFZ0kluyVBk
motorcycle,https://www.youtube.com/watch?v=YluScJtkqYU
rickshaw,https://www.youtube.com/watch?v=IWjbZcM1vi0
scooter,https://www.youtube.com/watch?v=KdNZI9-5QLo
taxi,https://www.youtube.com/watch?v=FxoR-4f0ae8
train,https://www.youtube.com/watch?v=u-EoRx5iCVQ
transport,https://www.youtube.com/watch?v=JfBi9YZhS2k
truck,https://www.youtube.com/watch?v=17QaVOhQ7-s
van,https://www.youtube.com/watch?v=Oz6fKl7BoAk
van1,https://www.youtube.com/watch?v=srh24c6zASo
vehicles,https://www.youtube.com/watch?v=JBl_W7ROtXI
cold,https://www.youtube.com/watch?v=AIT7mC4HRxI
hot,https://www.youtube.com/watch?v=Vx2Q7l57gfU
rain,https://www.youtube.com/watch?v=Byoi_Va8eko
sun,https://www.youtube.com/watch?v=8nAv2qWRSko
how,https://www.youtube.com/watch?v=ej_z33KA73Y
quetions,https://www.youtube.com/watch?v=c8kKUR2HNHw
what,https://www.youtube.com/watch?v=QKU7FhrDidE
when,https://www.youtube.com/watch?v=x7hPMF-ARmY
where,https://www.youtube.com/watch?v=Mv3ydrCEy_c
which,https://www.youtube.com/watch?v=S4cDGk-t4c8
who,https://www.youtube.com/watch?v=mzvztWrCk7g
whoes,https://www.youtube.com/watch?v=BhWAHrhp-Ps
why,https://www.youtube.com/watch?v=0zUVh5VJhUA
tennis,https://www.youtube.com/watch?v=y0pb4kyuUnA
sports,https://www.youtube.com/watch?v=mRUp3N04Qmc
run,https://www.youtube.com/watch?v=Tc9Fx9BpvJU
race,https://www.youtube.com/watch?v=XpbNAtfBdAM
olympics,https://www.youtube.com/watch?v=Mhys5HHc0Nk
lose,https://www.youtube.com/watch?v=K-Q-tOjFczc
kite,https://www.youtube.com/watch?v=-nTCxGB7IdE
karate,https://www.youtube.com/watch?v=XxjvoZuqPVY
hockey,https://www.youtube.com/watch?v=OLIjVBQZRAA
goal,https://www.youtube.com/watch?v=v1X_wdagN9Q
games,https://www.youtube.com/watch?v=J7NPNuMqviM
chess,https://www.youtube.com/watch?v=Q_pUoMuRd5A
carrom,https://www.youtube.com/watch?v=zvk5YoW-III
boxing,https://www.youtube.com/watch?v=mQkl-vykW9k
bat,https://www.youtube.com/watch?v=CYnenAAldrE
ball,https://www.youtube.com/watch?v=LKYUqYfAiw8
badminton,https://www.youtube.com/watch?v=97fUn3eU8ls
he,https://www.youtube.com/watch?v=x97C5vWgSao
hers,https://www.youtube.com/watch?v=PMNXQ6Je7wc
herself,https://www.youtube.com/watch?v=O-K97BC0U58
him,https://www.youtube.com/watch?v=T-OHM4XO1WI
himself,https://www.youtube.com/watch?v=owq_iS3bEb8
his,https://www.youtube.com/watch?v=n8wGDqONG-E
i,https://www.youtube.com/watch?v=KexTnJiibIA
it,https://www.youtube.com/watch?v=G8DNDAivTA0
its,https://www.youtube.com/watch?v=CH3Eb-jpF6g
itself,https://www.youtube.com/watch?v=Sc3f4eC8i8A
me,https://www.youtube.com/watch?v=87tdauFthys
my,https://www.youtube.com/watch?v=keiTxXWLlik
myself,https://www.youtube.com/watch?v=CV80Jq4Bo9Y
our,https://www.youtube.com/watch?v=40Bckv426pc
ourselves,https://www.youtube.com/watch?v=L7OZsETUS9s
self,https://www.youtube.com/watch?v=nqYRYiVlUaA
she,https://www.youtube.com/watch?v=RmbfqAfVfwU
she2,https://www.youtube.com/watch?v=F0gyIBp8Zts
that,https://www.youtube.com/watch?v=fpH8MuQ1sj4
their,https://www.youtube.com/watch?v=LPX3Wm6AxM4
them,https://www.youtube.com/watch?v=22cK0YHFrPY
themselves,https://www.youtube.com/watch?v=Dj2Jv3yMIfg
these,https://www.youtube.com/watch?v=k1jdrN_YtBc
they,https://www.youtube.com/watch?v=udBzQ-zGM3o
this,https://www.youtube.com/watch?v=wmuhbiCBoUY
us,https://www.youtube.com/watch?v=OjBCeZW8v78
we,https://www.youtube.com/watch?v=FUe_a6BZ4iw
you,https://www.youtube.com/watch?v=eDTFdN-pq0Y
your,https://www.youtube.com/watch?v=ul9NMeuhnWM
yoursellf,https://www.youtube.com/watch?v=fxfdjGMd2M4
aeroplane,https://www.youtube.com/watch?v=gPczh2s95Q8
birth,https://www.youtube.com/watch?v=xv5N474gb3c
boat,https://www.youtube.com/watch?v=Htz_AjYRby8
bogie,https://www.youtube.com/watch?v=owZ27jmUGN4
engine,https://www.youtube.com/watch?v=iKWFLpLLppQ
guard,https://www.youtube.com/watch?v=nCD-rUXV-OY
helicopter,https://www.youtube.com/watch?v=ZMWCrRD4D0o
lighthouse,https://www.youtube.com/watch?v=3cNab1LkBtQ
railway,https://www.youtube.com/watch?v=1eoP2B8SGsw
reservation,https://www.youtube.com/watch?v=RvMck-7623k
rocket,https://www.youtube.com/watch?v=_yb7ae4lXMc
seat,https://www.youtube.com/watch?v=tbfuaRM4uJ0
ship,https://www.youtube.com/watch?v=Ozd2jQJeOy8
ticket,https://www.youtube.com/watch?v=EdNQW9wXQZg
allah,https://www.youtube.com/watch?v=ymnr0UAVuM4
angel,https://www.youtube.com/watch?v=Sire2jOYgiA
bell,https://www.youtube.com/watch?v=S1-Zvk6kTy4
bible,https://www.youtube.com/watch?v=zxAkz8NA578
budhha,https://www.youtube.com/watch?v=Kx4m8xLqjH4
christian,https://www.youtube.com/watch?v=l49Ce39YuO4
chuch,https://www.youtube.com/watch?v=GcaIXGJlhPY
office,https://www.youtube.com/watch?v=pJbw7oOFGsM
